ID,name,country,typeName,total_loan,amount_raised,amount-to-go,lender_numbers,days_left,loan_use,loan_length,repayment_schedule,sel_disbursed_date,funding_model,currency_exchange_loss,field_partner,borrower_paying_interest
1892368,,,,,,,,,,,,,,,,
1892400,,,,,,,,,,,,,,,,
1893125,,,,,,,,,,,,,,,,
1893841,,,,,,,,,,,,,,,,
1897060,,,,,,,,,,,,,,,,
1897124,,,,,,,,,,,,,,,,
1897146,,,,,,,,,,,,,,,,
1897177,,,,,,,,,,,,,,,,
1898142,,,,,,,,,,,,,,,,
1898183,,,,,,,,,,,,,,,,
1898953,,,,,,,,,,,,,,,,
1898972,,,,,,,,,,,,,,,,
1898979,,,,,,,,,,,,,,,,
1899062,,,,,,,,,,,,,,,,
1899084,,,,,,,,,,,,,,,,
1899156,,,,,,,,,,,,,,,,
1899387,,,,,,,,,,,,,,,,
1901431,,,,,,,,,,,,,,,,
1901455,,,,,,,,,,,,,,,,
1901463,,,,,,,,,,,,,,,,
1901464,,,,,,,,,,,,,,,,
1902411,,,,,,,,,,,,,,,,
1902418,,,,,,,,,,,,,,,,
1902449,,,,,,,,,,,,,,,,
1902464,,,,,,,,,,,,,,,,
1904255,,,,,,,,,,,,,,,,
1904281,,,,,,,,,,,,,,,,
1904291,,,,,,,,,,,,,,,,
1904295,,,,,,,,,,,,,,,,
1904296,,,,,,,,,,,,,,,,
1904297,,,,,,,,,,,,,,,,
1904300,,,,,,,,,,,,,,,,
1904303,,,,,,,,,,,,,,,,
1904773,,,,,,,,,,,,,,,,
1904778,,,,,,,,,,,,,,,,
1904779,,,,,,,,,,,,,,,,
1904855,,,,,,,,,,,,,,,,
1905134,,,,,,,,,,,,,,,,
1905185,,,,,,,,,,,,,,,,
1905202,,,,,,,,,,,,,,,,
1905326,,,,,,,,,,,,,,,,
1905339,,,,,,,,,,,,,,,,
1905408,,,,,,,,,,,,,,,,
1905445,,,,,,,,,,,,,,,,
1905688,,,,,,,,,,,,,,,,
1905699,,,,,,,,,,,,,,,,
1905813,,,,,,,,,,,,,,,,
1905814,,,,,,,,,,,,,,,,
1905824,,,,,,,,,,,,,,,,
1905825,,,,,,,,,,,,,,,,
1905836,,,,,,,,,,,,,,,,
1905847,,,,,,,,,,,,,,,,
1905854,,,,,,,,,,,,,,,,
1906154,,,,,,,,,,,,,,,,
1906275,,,,,,,,,,,,,,,,
1906297,,,,,,,,,,,,,,,,
1906310,,,,,,,,,,,,,,,,
1906312,,,,,,,,,,,,,,,,
1906320,,,,,,,,,,,,,,,,
1906322,,,,,,,,,,,,,,,,
1906324,,,,,,,,,,,,,,,,
1906338,,,,,,,,,,,,,,,,
1906358,,,,,,,,,,,,,,,,
1906391,,,,,,,,,,,,,,,,
1906394,,,,,,,,,,,,,,,,
1906405,,,,,,,,,,,,,,,,
1906419,,,,,,,,,,,,,,,,
1906422,,,,,,,,,,,,,,,,
1906528,,,,,,,,,,,,,,,,
1906584,,,,,,,,,,,,,,,,
1906638,,,,,,,,,,,,,,,,
1906655,,,,,,,,,,,,,,,,
1906714,,,,,,,,,,,,,,,,
1906720,,,,,,,,,,,,,,,,
1906724,,,,,,,,,,,,,,,,
1906743,,,,,,,,,,,,,,,,
1906786,,,,,,,,,,,,,,,,
1906789,,,,,,,,,,,,,,,,
1906907,,,,,,,,,,,,,,,,
1907034,,,,,,,,,,,,,,,,
1907104,,,,,,,,,,,,,,,,
1907158,,,,,,,,,,,,,,,,
1907196,,,,,,,,,,,,,,,,
1907201,,,,,,,,,,,,,,,,
1907210,,,,,,,,,,,,,,,,
1907506,,,,,,,,,,,,,,,,
1907609,,,,,,,,,,,,,,,,
1907648,,,,,,,,,,,,,,,,
1908175,,,,,,,,,,,,,,,,
1908182,,,,,,,,,,,,,,,,
1908198,,,,,,,,,,,,,,,,
1908212,,,,,,,,,,,,,,,,
1908239,,,,,,,,,,,,,,,,
1908746,,,,,,,,,,,,,,,,
1908749,,,,,,,,,,,,,,,,
1908796,,,,,,,,,,,,,,,,
1908808,,,,,,,,,,,,,,,,
1908843,,,,,,,,,,,,,,,,
1908857,,,,,,,,,,,,,,,,
1909054,,,,,,,,,,,,,,,,
1909062,,,,,,,,,,,,,,,,
1909832,,,,,,,,,,,,,,,,
1910054,,,,,,,,,,,,,,,,
1910059,,,,,,,,,,,,,,,,
1910065,,,,,,,,,,,,,,,,
1910072,,,,,,,,,,,,,,,,
1910076,,,,,,,,,,,,,,,,
1910114,,,,,,,,,,,,,,,,
1910301,,,,,,,,,,,,,,,,
1910705,,,,,,,,,,,,,,,,
1911082,,,,,,,,,,,,,,,,
1911276,,,,,,,,,,,,,,,,
1911315,,,,,,,,,,,,,,,,
1911349,,,,,,,,,,,,,,,,
1911355,,,,,,,,,,,,,,,,
1911375,,,,,,,,,,,,,,,,
1911696,,,,,,,,,,,,,,,,
1911705,,,,,,,,,,,,,,,,
1911825,,,,,,,,,,,,,,,,
1911941,,,,,,,,,,,,,,,,
1912092,,,,,,,,,,,,,,,,
1912135,,,,,,,,,,,,,,,,
1912166,,,,,,,,,,,,,,,,
1912167,,,,,,,,,,,,,,,,
1912171,,,,,,,,,,,,,,,,
1912173,,,,,,,,,,,,,,,,
1912186,,,,,,,,,,,,,,,,
1912189,,,,,,,,,,,,,,,,
1912191,,,,,,,,,,,,,,,,
1912196,,,,,,,,,,,,,,,,
1912203,,,,,,,,,,,,,,,,
1912204,,,,,,,,,,,,,,,,
1912207,,,,,,,,,,,,,,,,
1912215,,,,,,,,,,,,,,,,
1912218,,,,,,,,,,,,,,,,
1912223,,,,,,,,,,,,,,,,
1912230,,,,,,,,,,,,,,,,
1912243,,,,,,,,,,,,,,,,
1912252,,,,,,,,,,,,,,,,
1912255,,,,,,,,,,,,,,,,
1912260,,,,,,,,,,,,,,,,
1912263,,,,,,,,,,,,,,,,
1912265,,,,,,,,,,,,,,,,
1912268,,,,,,,,,,,,,,,,
1912276,,,,,,,,,,,,,,,,
1912285,,,,,,,,,,,,,,,,
1912289,,,,,,,,,,,,,,,,
1912290,,,,,,,,,,,,,,,,
1912293,,,,,,,,,,,,,,,,
1912294,,,,,,,,,,,,,,,,
1912381,,,,,,,,,,,,,,,,
1912384,,,,,,,,,,,,,,,,
1912387,,,,,,,,,,,,,,,,
1912545,,,,,,,,,,,,,,,,
1912618,,,,,,,,,,,,,,,,
1912637,,,,,,,,,,,,,,,,
1912646,,,,,,,,,,,,,,,,
1912651,,,,,,,,,,,,,,,,
1912659,,,,,,,,,,,,,,,,
1912661,,,,,,,,,,,,,,,,
1912670,,,,,,,,,,,,,,,,
1912672,,,,,,,,,,,,,,,,
1912689,,,,,,,,,,,,,,,,
1912700,,,,,,,,,,,,,,,,
1912707,,,,,,,,,,,,,,,,
1912713,,,,,,,,,,,,,,,,
1912727,,,,,,,,,,,,,,,,
1912732,,,,,,,,,,,,,,,,
1912752,,,,,,,,,,,,,,,,
1912753,,,,,,,,,,,,,,,,
1912757,,,,,,,,,,,,,,,,
1912784,,,,,,,,,,,,,,,,
1912785,,,,,,,,,,,,,,,,
1912786,,,,,,,,,,,,,,,,
1912787,,,,,,,,,,,,,,,,
1912788,,,,,,,,,,,,,,,,
1912789,,,,,,,,,,,,,,,,
1912793,,,,,,,,,,,,,,,,
1912794,,,,,,,,,,,,,,,,
1912797,,,,,,,,,,,,,,,,
1912800,,,,,,,,,,,,,,,,
1912822,,,,,,,,,,,,,,,,
1912825,,,,,,,,,,,,,,,,
1912833,,,,,,,,,,,,,,,,
1912839,,,,,,,,,,,,,,,,
1912842,,,,,,,,,,,,,,,,
1912870,,,,,,,,,,,,,,,,
1912879,,,,,,,,,,,,,,,,
1912880,,,,,,,,,,,,,,,,
1912881,,,,,,,,,,,,,,,,
1912883,,,,,,,,,,,,,,,,
1912899,,,,,,,,,,,,,,,,
1912924,,,,,,,,,,,,,,,,
1912948,,,,,,,,,,,,,,,,
1912971,,,,,,,,,,,,,,,,
1913002,,,,,,,,,,,,,,,,
1913034,,,,,,,,,,,,,,,,
1913037,,,,,,,,,,,,,,,,
1913064,,,,,,,,,,,,,,,,
1913071,,,,,,,,,,,,,,,,
1913081,,,,,,,,,,,,,,,,
1913087,,,,,,,,,,,,,,,,
1913090,,,,,,,,,,,,,,,,
1913106,,,,,,,,,,,,,,,,
1913110,,,,,,,,,,,,,,,,
1913111,,,,,,,,,,,,,,,,
1913128,,,,,,,,,,,,,,,,
1913151,,,,,,,,,,,,,,,,
1913164,,,,,,,,,,,,,,,,
1913170,,,,,,,,,,,,,,,,
1913193,,,,,,,,,,,,,,,,
1913195,,,,,,,,,,,,,,,,
1913199,,,,,,,,,,,,,,,,
1913220,,,,,,,,,,,,,,,,
1913256,,,,,,,,,,,,,,,,
1913260,,,,,,,,,,,,,,,,
1913319,,,,,,,,,,,,,,,,
1913339,,,,,,,,,,,,,,,,
1913350,,,,,,,,,,,,,,,,
1913391,,,,,,,,,,,,,,,,
1913415,,,,,,,,,,,,,,,,
1913445,,,,,,,,,,,,,,,,
1913446,,,,,,,,,,,,,,,,
1913453,,,,,,,,,,,,,,,,
1913463,,,,,,,,,,,,,,,,
1913485,,,,,,,,,,,,,,,,
1913501,,,,,,,,,,,,,,,,
1913521,,,,,,,,,,,,,,,,
1913550,,,,,,,,,,,,,,,,
1913569,,,,,,,,,,,,,,,,
1913594,,,,,,,,,,,,,,,,
1913599,,,,,,,,,,,,,,,,
1913629,,,,,,,,,,,,,,,,
1913635,,,,,,,,,,,,,,,,
1913640,,,,,,,,,,,,,,,,
1913645,,,,,,,,,,,,,,,,
1913668,,,,,,,,,,,,,,,,
1913718,,,,,,,,,,,,,,,,
1913727,,,,,,,,,,,,,,,,
1913732,,,,,,,,,,,,,,,,
1913735,,,,,,,,,,,,,,,,
1913746,,,,,,,,,,,,,,,,
1913753,,,,,,,,,,,,,,,,
1913761,,,,,,,,,,,,,,,,
1913799,,,,,,,,,,,,,,,,
1913807,,,,,,,,,,,,,,,,
1913824,,,,,,,,,,,,,,,,
1913841,,,,,,,,,,,,,,,,
1913843,,,,,,,,,,,,,,,,
1913850,,,,,,,,,,,,,,,,
1913891,,,,,,,,,,,,,,,,
1913897,,,,,,,,,,,,,,,,
1913900,,,,,,,,,,,,,,,,
1913984,,,,,,,,,,,,,,,,
1913986,,,,,,,,,,,,,,,,
1914002,,,,,,,,,,,,,,,,
1914020,,,,,,,,,,,,,,,,
1914027,,,,,,,,,,,,,,,,
1914029,,,,,,,,,,,,,,,,
1914030,,,,,,,,,,,,,,,,
1914032,,,,,,,,,,,,,,,,
1914038,,,,,,,,,,,,,,,,
1914050,,,,,,,,,,,,,,,,
1914056,,,,,,,,,,,,,,,,
1914065,,,,,,,,,,,,,,,,
1914069,,,,,,,,,,,,,,,,
1914072,,,,,,,,,,,,,,,,
1914073,,,,,,,,,,,,,,,,
1914077,,,,,,,,,,,,,,,,
1914082,,,,,,,,,,,,,,,,
1914086,,,,,,,,,,,,,,,,
1914117,,,,,,,,,,,,,,,,
1914123,,,,,,,,,,,,,,,,
1914204,,,,,,,,,,,,,,,,
1914242,,,,,,,,,,,,,,,,
1914253,,,,,,,,,,,,,,,,
1914263,,,,,,,,,,,,,,,,
1914291,,,,,,,,,,,,,,,,
1914342,,,,,,,,,,,,,,,,
1914343,,,,,,,,,,,,,,,,
1914350,,,,,,,,,,,,,,,,
1914351,,,,,,,,,,,,,,,,
1914352,,,,,,,,,,,,,,,,
1914376,,,,,,,,,,,,,,,,
1914381,,,,,,,,,,,,,,,,
1914387,,,,,,,,,,,,,,,,
1914389,,,,,,,,,,,,,,,,
1914392,,,,,,,,,,,,,,,,
1914398,,,,,,,,,,,,,,,,
1914412,,,,,,,,,,,,,,,,
1914418,,,,,,,,,,,,,,,,
1914425,,,,,,,,,,,,,,,,
1914462,,,,,,,,,,,,,,,,
1914479,,,,,,,,,,,,,,,,
1914482,,,,,,,,,,,,,,,,
1914510,,,,,,,,,,,,,,,,
1914536,,,,,,,,,,,,,,,,
1914537,,,,,,,,,,,,,,,,
1914539,,,,,,,,,,,,,,,,
1914543,,,,,,,,,,,,,,,,
1914544,,,,,,,,,,,,,,,,
1914552,,,,,,,,,,,,,,,,
1914567,,,,,,,,,,,,,,,,
1914581,,,,,,,,,,,,,,,,
1914599,,,,,,,,,,,,,,,,
1914613,,,,,,,,,,,,,,,,
1914651,,,,,,,,,,,,,,,,
1914667,,,,,,,,,,,,,,,,
1914674,,,,,,,,,,,,,,,,
1914676,,,,,,,,,,,,,,,,
1914677,,,,,,,,,,,,,,,,
1914684,,,,,,,,,,,,,,,,
1914686,,,,,,,,,,,,,,,,
1914693,,,,,,,,,,,,,,,,
1914699,,,,,,,,,,,,,,,,
1914800,,,,,,,,,,,,,,,,
1914814,,,,,,,,,,,,,,,,
1914825,,,,,,,,,,,,,,,,
1914827,,,,,,,,,,,,,,,,
1914831,,,,,,,,,,,,,,,,
1914833,,,,,,,,,,,,,,,,
1914834,,,,,,,,,,,,,,,,
1914869,,,,,,,,,,,,,,,,
1914870,,,,,,,,,,,,,,,,
1914876,,,,,,,,,,,,,,,,
1914880,,,,,,,,,,,,,,,,
1914900,,,,,,,,,,,,,,,,
1914920,,,,,,,,,,,,,,,,
1914929,,,,,,,,,,,,,,,,
1914930,,,,,,,,,,,,,,,,
1914940,,,,,,,,,,,,,,,,
1914954,,,,,,,,,,,,,,,,
1914962,,,,,,,,,,,,,,,,
1914965,,,,,,,,,,,,,,,,
1914989,,,,,,,,,,,,,,,,
1914993,,,,,,,,,,,,,,,,
1914995,,,,,,,,,,,,,,,,
1914997,,,,,,,,,,,,,,,,
1914998,,,,,,,,,,,,,,,,
1915000,,,,,,,,,,,,,,,,
1915001,,,,,,,,,,,,,,,,
1915004,,,,,,,,,,,,,,,,
1915005,,,,,,,,,,,,,,,,
1915027,,,,,,,,,,,,,,,,
1915029,,,,,,,,,,,,,,,,
1915045,,,,,,,,,,,,,,,,
1915060,,,,,,,,,,,,,,,,
1915070,,,,,,,,,,,,,,,,
1915087,,,,,,,,,,,,,,,,
1915094,,,,,,,,,,,,,,,,
1915119,,,,,,,,,,,,,,,,
1915123,,,,,,,,,,,,,,,,
1915136,,,,,,,,,,,,,,,,
1915157,,,,,,,,,,,,,,,,
1915187,,,,,,,,,,,,,,,,
1915195,,,,,,,,,,,,,,,,
1915199,,,,,,,,,,,,,,,,
1915209,,,,,,,,,,,,,,,,
1915247,,,,,,,,,,,,,,,,
1915263,,,,,,,,,,,,,,,,
1915274,,,,,,,,,,,,,,,,
1915303,,,,,,,,,,,,,,,,
1915319,,,,,,,,,,,,,,,,
1915322,,,,,,,,,,,,,,,,
1915332,,,,,,,,,,,,,,,,
1915346,,,,,,,,,,,,,,,,
1915347,,,,,,,,,,,,,,,,
1915368,,,,,,,,,,,,,,,,
1915369,,,,,,,,,,,,,,,,
1915371,,,,,,,,,,,,,,,,
1915391,,,,,,,,,,,,,,,,
1915395,,,,,,,,,,,,,,,,
1915417,,,,,,,,,,,,,,,,
1915445,,,,,,,,,,,,,,,,
1915469,,,,,,,,,,,,,,,,
1915484,,,,,,,,,,,,,,,,
1915490,,,,,,,,,,,,,,,,
1915494,,,,,,,,,,,,,,,,
1915502,,,,,,,,,,,,,,,,
1915527,,,,,,,,,,,,,,,,
1915546,,,,,,,,,,,,,,,,
1915547,,,,,,,,,,,,,,,,
1915549,,,,,,,,,,,,,,,,
1915553,,,,,,,,,,,,,,,,
1915555,,,,,,,,,,,,,,,,
1915560,,,,,,,,,,,,,,,,
1915563,,,,,,,,,,,,,,,,
1915574,,,,,,,,,,,,,,,,
1915589,,,,,,,,,,,,,,,,
1915615,,,,,,,,,,,,,,,,
1915618,,,,,,,,,,,,,,,,
1915629,,,,,,,,,,,,,,,,
1915644,,,,,,,,,,,,,,,,
1915648,,,,,,,,,,,,,,,,
1915671,,,,,,,,,,,,,,,,
1915674,,,,,,,,,,,,,,,,
1915680,,,,,,,,,,,,,,,,
1915702,,,,,,,,,,,,,,,,
1915705,,,,,,,,,,,,,,,,
1915722,,,,,,,,,,,,,,,,
1915728,,,,,,,,,,,,,,,,
1915779,,,,,,,,,,,,,,,,
1915789,,,,,,,,,,,,,,,,
1915808,,,,,,,,,,,,,,,,
1915833,,,,,,,,,,,,,,,,
1915845,,,,,,,,,,,,,,,,
1915874,,,,,,,,,,,,,,,,
1915877,,,,,,,,,,,,,,,,
1915893,,,,,,,,,,,,,,,,
1915901,,,,,,,,,,,,,,,,
1915925,,,,,,,,,,,,,,,,
1915936,,,,,,,,,,,,,,,,
1915965,,,,,,,,,,,,,,,,
1915973,,,,,,,,,,,,,,,,
1915991,,,,,,,,,,,,,,,,
1916009,,,,,,,,,,,,,,,,
1916019,,,,,,,,,,,,,,,,
1916054,,,,,,,,,,,,,,,,
1916061,,,,,,,,,,,,,,,,
1916069,,,,,,,,,,,,,,,,
1916072,,,,,,,,,,,,,,,,
1916078,,,,,,,,,,,,,,,,
1916086,,,,,,,,,,,,,,,,
1916090,,,,,,,,,,,,,,,,
1916116,,,,,,,,,,,,,,,,
1916127,,,,,,,,,,,,,,,,
1916134,,,,,,,,,,,,,,,,
1916181,,,,,,,,,,,,,,,,
1916182,,,,,,,,,,,,,,,,
1916185,,,,,,,,,,,,,,,,
1916189,,,,,,,,,,,,,,,,
1916195,,,,,,,,,,,,,,,,
1916198,,,,,,,,,,,,,,,,
1916199,,,,,,,,,,,,,,,,
1916201,,,,,,,,,,,,,,,,
1916206,,,,,,,,,,,,,,,,
1916211,,,,,,,,,,,,,,,,
1916216,,,,,,,,,,,,,,,,
1916217,,,,,,,,,,,,,,,,
1916218,,,,,,,,,,,,,,,,
1916221,,,,,,,,,,,,,,,,
1916224,,,,,,,,,,,,,,,,
1916225,,,,,,,,,,,,,,,,
1916235,,,,,,,,,,,,,,,,
1916240,,,,,,,,,,,,,,,,
1916241,,,,,,,,,,,,,,,,
1916253,,,,,,,,,,,,,,,,
1916256,,,,,,,,,,,,,,,,
1916262,,,,,,,,,,,,,,,,
1916269,,,,,,,,,,,,,,,,
1916270,,,,,,,,,,,,,,,,
1916273,,,,,,,,,,,,,,,,
1916298,,,,,,,,,,,,,,,,
1916300,,,,,,,,,,,,,,,,
1916310,,,,,,,,,,,,,,,,
1916316,,,,,,,,,,,,,,,,
1916332,,,,,,,,,,,,,,,,
1916345,,,,,,,,,,,,,,,,
1916421,,,,,,,,,,,,,,,,
1916423,,,,,,,,,,,,,,,,
1916432,,,,,,,,,,,,,,,,
1916442,,,,,,,,,,,,,,,,
1916445,,,,,,,,,,,,,,,,
1916448,,,,,,,,,,,,,,,,
1916452,,,,,,,,,,,,,,,,
1916458,,,,,,,,,,,,,,,,
1916464,,,,,,,,,,,,,,,,
1916467,,,,,,,,,,,,,,,,
1916471,,,,,,,,,,,,,,,,
1916473,,,,,,,,,,,,,,,,
1916475,,,,,,,,,,,,,,,,
1916478,,,,,,,,,,,,,,,,
1916490,,,,,,,,,,,,,,,,
1916502,,,,,,,,,,,,,,,,
1916504,,,,,,,,,,,,,,,,
1916505,,,,,,,,,,,,,,,,
1916506,,,,,,,,,,,,,,,,
1916508,,,,,,,,,,,,,,,,
1916512,,,,,,,,,,,,,,,,
1916517,,,,,,,,,,,,,,,,
1916519,,,,,,,,,,,,,,,,
1916524,,,,,,,,,,,,,,,,
1916526,,,,,,,,,,,,,,,,
1916534,,,,,,,,,,,,,,,,
1916541,,,,,,,,,,,,,,,,
1916542,,,,,,,,,,,,,,,,
1916543,,,,,,,,,,,,,,,,
1916556,,,,,,,,,,,,,,,,
1916560,,,,,,,,,,,,,,,,
1916564,,,,,,,,,,,,,,,,
1916574,,,,,,,,,,,,,,,,
1916588,,,,,,,,,,,,,,,,
1916591,,,,,,,,,,,,,,,,
1916614,,,,,,,,,,,,,,,,
1916635,,,,,,,,,,,,,,,,
1916638,,,,,,,,,,,,,,,,
1916641,,,,,,,,,,,,,,,,
1916642,,,,,,,,,,,,,,,,
1916648,,,,,,,,,,,,,,,,
1916649,,,,,,,,,,,,,,,,
1916652,,,,,,,,,,,,,,,,
1916661,,,,,,,,,,,,,,,,
1916662,,,,,,,,,,,,,,,,
1916665,,,,,,,,,,,,,,,,
1916677,,,,,,,,,,,,,,,,
1916683,,,,,,,,,,,,,,,,
1916689,,,,,,,,,,,,,,,,
1916690,,,,,,,,,,,,,,,,
1916714,,,,,,,,,,,,,,,,
1916747,,,,,,,,,,,,,,,,
1916748,,,,,,,,,,,,,,,,
1916749,,,,,,,,,,,,,,,,
1916755,,,,,,,,,,,,,,,,
1916765,,,,,,,,,,,,,,,,
1916770,,,,,,,,,,,,,,,,
1916771,,,,,,,,,,,,,,,,
1916774,,,,,,,,,,,,,,,,
1916776,,,,,,,,,,,,,,,,
1916785,,,,,,,,,,,,,,,,
1916788,,,,,,,,,,,,,,,,
1916789,,,,,,,,,,,,,,,,
1916794,,,,,,,,,,,,,,,,
1916797,,,,,,,,,,,,,,,,
1916800,,,,,,,,,,,,,,,,
1916801,,,,,,,,,,,,,,,,
1916802,,,,,,,,,,,,,,,,
1916803,,,,,,,,,,,,,,,,
1916808,,,,,,,,,,,,,,,,
1916810,,,,,,,,,,,,,,,,
1916813,,,,,,,,,,,,,,,,
1916815,,,,,,,,,,,,,,,,
1916828,,,,,,,,,,,,,,,,
1916831,,,,,,,,,,,,,,,,
1916832,,,,,,,,,,,,,,,,
1916843,,,,,,,,,,,,,,,,
1916844,,,,,,,,,,,,,,,,
1916848,,,,,,,,,,,,,,,,
1916873,,,,,,,,,,,,,,,,
1916882,,,,,,,,,,,,,,,,
1916890,,,,,,,,,,,,,,,,
1916891,,,,,,,,,,,,,,,,
1916898,,,,,,,,,,,,,,,,
1916901,,,,,,,,,,,,,,,,
1916903,,,,,,,,,,,,,,,,
1916917,,,,,,,,,,,,,,,,
1916921,,,,,,,,,,,,,,,,
1916929,,,,,,,,,,,,,,,,
1916932,,,,,,,,,,,,,,,,
1916939,,,,,,,,,,,,,,,,
1916943,,,,,,,,,,,,,,,,
1916950,,,,,,,,,,,,,,,,
1916952,,,,,,,,,,,,,,,,
1916954,,,,,,,,,,,,,,,,
1916960,,,,,,,,,,,,,,,,
1916968,,,,,,,,,,,,,,,,
1916978,,,,,,,,,,,,,,,,
1916981,,,,,,,,,,,,,,,,
1916984,,,,,,,,,,,,,,,,
1916987,,,,,,,,,,,,,,,,
1916990,,,,,,,,,,,,,,,,
1916994,,,,,,,,,,,,,,,,
1917000,,,,,,,,,,,,,,,,
1917001,,,,,,,,,,,,,,,,
1917002,,,,,,,,,,,,,,,,
1917003,,,,,,,,,,,,,,,,
1917014,,,,,,,,,,,,,,,,
1917025,,,,,,,,,,,,,,,,
1917026,,,,,,,,,,,,,,,,
1917031,,,,,,,,,,,,,,,,
1917032,,,,,,,,,,,,,,,,
1917034,,,,,,,,,,,,,,,,
1917035,,,,,,,,,,,,,,,,
1917038,,,,,,,,,,,,,,,,
1917043,,,,,,,,,,,,,,,,
1917047,,,,,,,,,,,,,,,,
1917049,,,,,,,,,,,,,,,,
1917055,,,,,,,,,,,,,,,,
1917063,,,,,,,,,,,,,,,,
1917071,,,,,,,,,,,,,,,,
1917080,,,,,,,,,,,,,,,,
1917081,,,,,,,,,,,,,,,,
1917084,,,,,,,,,,,,,,,,
1917085,,,,,,,,,,,,,,,,
1917092,,,,,,,,,,,,,,,,
1917095,,,,,,,,,,,,,,,,
1917099,,,,,,,,,,,,,,,,
1917100,,,,,,,,,,,,,,,,
1917103,,,,,,,,,,,,,,,,
1917107,,,,,,,,,,,,,,,,
1917113,,,,,,,,,,,,,,,,
1917119,,,,,,,,,,,,,,,,
1917135,,,,,,,,,,,,,,,,
1917140,,,,,,,,,,,,,,,,
1917162,,,,,,,,,,,,,,,,
1917163,,,,,,,,,,,,,,,,
1917165,,,,,,,,,,,,,,,,
1917173,,,,,,,,,,,,,,,,
1917181,,,,,,,,,,,,,,,,
1917191,,,,,,,,,,,,,,,,
1917218,,,,,,,,,,,,,,,,
1917229,,,,,,,,,,,,,,,,
1917234,,,,,,,,,,,,,,,,
1917236,,,,,,,,,,,,,,,,
1917240,,,,,,,,,,,,,,,,
1917241,,,,,,,,,,,,,,,,
1917244,,,,,,,,,,,,,,,,
1917249,,,,,,,,,,,,,,,,
1917252,,,,,,,,,,,,,,,,
1917253,,,,,,,,,,,,,,,,
1917256,,,,,,,,,,,,,,,,
1917258,,,,,,,,,,,,,,,,
1917260,,,,,,,,,,,,,,,,
1917280,,,,,,,,,,,,,,,,
1917282,,,,,,,,,,,,,,,,
1917304,,,,,,,,,,,,,,,,
1917307,,,,,,,,,,,,,,,,
1917317,,,,,,,,,,,,,,,,
1917324,,,,,,,,,,,,,,,,
1917326,,,,,,,,,,,,,,,,
1917327,,,,,,,,,,,,,,,,
1917328,,,,,,,,,,,,,,,,
1917330,,,,,,,,,,,,,,,,
1917331,,,,,,,,,,,,,,,,
1917336,,,,,,,,,,,,,,,,
1917337,,,,,,,,,,,,,,,,
1917339,,,,,,,,,,,,,,,,
1917341,,,,,,,,,,,,,,,,
1917348,,,,,,,,,,,,,,,,
1917349,,,,,,,,,,,,,,,,
1917350,,,,,,,,,,,,,,,,
1917351,,,,,,,,,,,,,,,,
1917352,,,,,,,,,,,,,,,,
1917372,,,,,,,,,,,,,,,,
1917380,,,,,,,,,,,,,,,,
1917383,,,,,,,,,,,,,,,,
1917398,,,,,,,,,,,,,,,,
1917404,,,,,,,,,,,,,,,,
1917424,,,,,,,,,,,,,,,,
1917434,,,,,,,,,,,,,,,,
1917435,,,,,,,,,,,,,,,,
1917445,,,,,,,,,,,,,,,,
1917446,,,,,,,,,,,,,,,,
1917447,,,,,,,,,,,,,,,,
1917458,,,,,,,,,,,,,,,,
1917492,,,,,,,,,,,,,,,,
1917521,,,,,,,,,,,,,,,,
1917542,,,,,,,,,,,,,,,,
1917548,,,,,,,,,,,,,,,,
1917568,,,,,,,,,,,,,,,,
1917578,,,,,,,,,,,,,,,,
1917583,,,,,,,,,,,,,,,,
1917589,,,,,,,,,,,,,,,,
1917593,,,,,,,,,,,,,,,,
1917594,,,,,,,,,,,,,,,,
1917596,,,,,,,,,,,,,,,,
1917598,,,,,,,,,,,,,,,,
1917600,,,,,,,,,,,,,,,,
1917602,,,,,,,,,,,,,,,,
1917609,,,,,,,,,,,,,,,,
1917611,,,,,,,,,,,,,,,,
1917621,,,,,,,,,,,,,,,,
1917626,,,,,,,,,,,,,,,,
1917627,,,,,,,,,,,,,,,,
1917641,,,,,,,,,,,,,,,,
1917651,,,,,,,,,,,,,,,,
1917658,,,,,,,,,,,,,,,,
1917661,,,,,,,,,,,,,,,,
1917669,,,,,,,,,,,,,,,,
1917673,,,,,,,,,,,,,,,,
1917680,,,,,,,,,,,,,,,,
1917683,,,,,,,,,,,,,,,,
1917691,,,,,,,,,,,,,,,,
1917692,,,,,,,,,,,,,,,,
1917697,,,,,,,,,,,,,,,,
1917698,,,,,,,,,,,,,,,,
1917701,,,,,,,,,,,,,,,,
1917702,,,,,,,,,,,,,,,,
1917703,,,,,,,,,,,,,,,,
1917723,,,,,,,,,,,,,,,,
1917724,,,,,,,,,,,,,,,,
1917738,,,,,,,,,,,,,,,,
1917741,,,,,,,,,,,,,,,,
1917764,,,,,,,,,,,,,,,,
1917776,,,,,,,,,,,,,,,,
1917784,,,,,,,,,,,,,,,,
1917794,,,,,,,,,,,,,,,,
1917805,,,,,,,,,,,,,,,,
1917814,,,,,,,,,,,,,,,,
1917832,,,,,,,,,,,,,,,,
1917839,,,,,,,,,,,,,,,,
1917845,,,,,,,,,,,,,,,,
1917846,,,,,,,,,,,,,,,,
1917847,,,,,,,,,,,,,,,,
1917856,,,,,,,,,,,,,,,,
1917857,,,,,,,,,,,,,,,,
1917860,,,,,,,,,,,,,,,,
1917862,,,,,,,,,,,,,,,,
1917868,,,,,,,,,,,,,,,,
1917869,,,,,,,,,,,,,,,,
1917872,,,,,,,,,,,,,,,,
1917878,,,,,,,,,,,,,,,,
1917879,,,,,,,,,,,,,,,,
1917883,,,,,,,,,,,,,,,,
1917884,,,,,,,,,,,,,,,,
1917889,,,,,,,,,,,,,,,,
1917891,,,,,,,,,,,,,,,,
1917896,,,,,,,,,,,,,,,,
1917903,,,,,,,,,,,,,,,,
1917907,,,,,,,,,,,,,,,,
1917908,,,,,,,,,,,,,,,,
1917909,,,,,,,,,,,,,,,,
1917911,,,,,,,,,,,,,,,,
1917916,,,,,,,,,,,,,,,,
1917919,,,,,,,,,,,,,,,,
1917921,,,,,,,,,,,,,,,,
1917927,,,,,,,,,,,,,,,,
1917930,,,,,,,,,,,,,,,,
1917936,,,,,,,,,,,,,,,,
1917940,,,,,,,,,,,,,,,,
1917942,,,,,,,,,,,,,,,,
1917949,,,,,,,,,,,,,,,,
1917953,,,,,,,,,,,,,,,,
1917955,,,,,,,,,,,,,,,,
1917965,,,,,,,,,,,,,,,,
1917968,,,,,,,,,,,,,,,,
1917972,,,,,,,,,,,,,,,,
1917975,,,,,,,,,,,,,,,,
1917979,,,,,,,,,,,,,,,,
1917980,,,,,,,,,,,,,,,,
1917983,,,,,,,,,,,,,,,,
1917986,,,,,,,,,,,,,,,,
1917987,,,,,,,,,,,,,,,,
1917991,,,,,,,,,,,,,,,,
1917993,,,,,,,,,,,,,,,,
1917996,,,,,,,,,,,,,,,,
1918000,,,,,,,,,,,,,,,,
1918002,,,,,,,,,,,,,,,,
1918005,,,,,,,,,,,,,,,,
1918015,,,,,,,,,,,,,,,,
1918017,,,,,,,,,,,,,,,,
1918018,,,,,,,,,,,,,,,,
1918019,,,,,,,,,,,,,,,,
1918023,,,,,,,,,,,,,,,,
1918053,,,,,,,,,,,,,,,,
1918055,,,,,,,,,,,,,,,,
1918056,,,,,,,,,,,,,,,,
1918064,,,,,,,,,,,,,,,,
1918069,,,,,,,,,,,,,,,,
1918076,,,,,,,,,,,,,,,,
1918096,,,,,,,,,,,,,,,,
1918101,,,,,,,,,,,,,,,,
1918103,,,,,,,,,,,,,,,,
1918125,,,,,,,,,,,,,,,,
1918129,,,,,,,,,,,,,,,,
1918135,,,,,,,,,,,,,,,,
1918136,,,,,,,,,,,,,,,,
1918141,,,,,,,,,,,,,,,,
1918144,,,,,,,,,,,,,,,,
1918145,,,,,,,,,,,,,,,,
1918149,,,,,,,,,,,,,,,,
1918153,,,,,,,,,,,,,,,,
1918161,,,,,,,,,,,,,,,,
1918162,,,,,,,,,,,,,,,,
1918163,,,,,,,,,,,,,,,,
1918164,,,,,,,,,,,,,,,,
1918167,,,,,,,,,,,,,,,,
1918168,,,,,,,,,,,,,,,,
1918177,,,,,,,,,,,,,,,,
1918179,,,,,,,,,,,,,,,,
1918185,,,,,,,,,,,,,,,,
1918186,,,,,,,,,,,,,,,,
1918189,,,,,,,,,,,,,,,,
1918190,,,,,,,,,,,,,,,,
1918191,,,,,,,,,,,,,,,,
1918193,,,,,,,,,,,,,,,,
1918194,,,,,,,,,,,,,,,,
1918200,,,,,,,,,,,,,,,,
1918201,,,,,,,,,,,,,,,,
1918206,,,,,,,,,,,,,,,,
1918207,,,,,,,,,,,,,,,,
1918210,,,,,,,,,,,,,,,,
1918216,,,,,,,,,,,,,,,,
1918220,,,,,,,,,,,,,,,,
1918223,,,,,,,,,,,,,,,,
1918225,,,,,,,,,,,,,,,,
1918227,,,,,,,,,,,,,,,,
1918229,,,,,,,,,,,,,,,,
1918230,,,,,,,,,,,,,,,,
1918232,,,,,,,,,,,,,,,,
1918234,,,,,,,,,,,,,,,,
1918239,,,,,,,,,,,,,,,,
1918240,,,,,,,,,,,,,,,,
1918241,,,,,,,,,,,,,,,,
1918242,,,,,,,,,,,,,,,,
1918245,,,,,,,,,,,,,,,,
1918255,,,,,,,,,,,,,,,,
1918256,,,,,,,,,,,,,,,,
1918258,,,,,,,,,,,,,,,,
1918260,,,,,,,,,,,,,,,,
1918261,,,,,,,,,,,,,,,,
1918264,,,,,,,,,,,,,,,,
1918267,,,,,,,,,,,,,,,,
1918268,,,,,,,,,,,,,,,,
1918270,,,,,,,,,,,,,,,,
1918272,,,,,,,,,,,,,,,,
1918274,,,,,,,,,,,,,,,,
1918292,,,,,,,,,,,,,,,,
1918300,,,,,,,,,,,,,,,,
1918303,,,,,,,,,,,,,,,,
1918305,,,,,,,,,,,,,,,,
1918315,,,,,,,,,,,,,,,,
1918317,,,,,,,,,,,,,,,,
1918320,,,,,,,,,,,,,,,,
1918324,,,,,,,,,,,,,,,,
1918328,,,,,,,,,,,,,,,,
1918332,,,,,,,,,,,,,,,,
1918336,,,,,,,,,,,,,,,,
1918343,,,,,,,,,,,,,,,,
1918348,,,,,,,,,,,,,,,,
1918352,,,,,,,,,,,,,,,,
1918360,,,,,,,,,,,,,,,,
1918362,,,,,,,,,,,,,,,,
1918366,,,,,,,,,,,,,,,,
1918368,,,,,,,,,,,,,,,,
1918369,,,,,,,,,,,,,,,,
1918370,,,,,,,,,,,,,,,,
1918373,,,,,,,,,,,,,,,,
1918376,,,,,,,,,,,,,,,,
1918377,,,,,,,,,,,,,,,,
1918380,,,,,,,,,,,,,,,,
1918386,,,,,,,,,,,,,,,,
1918391,,,,,,,,,,,,,,,,
1918395,,,,,,,,,,,,,,,,
1918396,,,,,,,,,,,,,,,,
1918403,,,,,,,,,,,,,,,,
1918405,,,,,,,,,,,,,,,,
1918412,,,,,,,,,,,,,,,,
1918414,,,,,,,,,,,,,,,,
1918417,,,,,,,,,,,,,,,,
1918430,,,,,,,,,,,,,,,,
1918434,,,,,,,,,,,,,,,,
1918437,,,,,,,,,,,,,,,,
1918439,,,,,,,,,,,,,,,,
1918442,,,,,,,,,,,,,,,,
1918445,,,,,,,,,,,,,,,,
1918446,,,,,,,,,,,,,,,,
1918451,,,,,,,,,,,,,,,,
1918454,,,,,,,,,,,,,,,,
1918456,,,,,,,,,,,,,,,,
1918458,,,,,,,,,,,,,,,,
1918467,,,,,,,,,,,,,,,,
1918469,,,,,,,,,,,,,,,,
1918471,,,,,,,,,,,,,,,,
1918481,,,,,,,,,,,,,,,,
1918484,,,,,,,,,,,,,,,,
1918487,,,,,,,,,,,,,,,,
1918489,,,,,,,,,,,,,,,,
1918490,,,,,,,,,,,,,,,,
1918492,,,,,,,,,,,,,,,,
1918494,,,,,,,,,,,,,,,,
1918499,,,,,,,,,,,,,,,,
1918502,,,,,,,,,,,,,,,,
1918508,,,,,,,,,,,,,,,,
1918511,,,,,,,,,,,,,,,,
1918514,,,,,,,,,,,,,,,,
1918521,,,,,,,,,,,,,,,,
1918522,,,,,,,,,,,,,,,,
1918523,,,,,,,,,,,,,,,,
1918524,,,,,,,,,,,,,,,,
1918577,,,,,,,,,,,,,,,,
1918584,,,,,,,,,,,,,,,,
1918597,,,,,,,,,,,,,,,,
1918608,,,,,,,,,,,,,,,,
1918614,,,,,,,,,,,,,,,,
1918620,,,,,,,,,,,,,,,,
1918623,,,,,,,,,,,,,,,,
1918625,,,,,,,,,,,,,,,,
1918632,,,,,,,,,,,,,,,,
1918634,,,,,,,,,,,,,,,,
1918636,,,,,,,,,,,,,,,,
1918641,,,,,,,,,,,,,,,,
1918647,,,,,,,,,,,,,,,,
1918648,,,,,,,,,,,,,,,,
1918651,,,,,,,,,,,,,,,,
1918656,,,,,,,,,,,,,,,,
1918668,,,,,,,,,,,,,,,,
1918671,,,,,,,,,,,,,,,,
1918677,,,,,,,,,,,,,,,,
1918678,,,,,,,,,,,,,,,,
1918683,,,,,,,,,,,,,,,,
1918691,,,,,,,,,,,,,,,,
1918699,,,,,,,,,,,,,,,,
1918704,,,,,,,,,,,,,,,,
1918711,,,,,,,,,,,,,,,,
1918714,,,,,,,,,,,,,,,,
1918715,,,,,,,,,,,,,,,,
1918717,,,,,,,,,,,,,,,,
1918718,,,,,,,,,,,,,,,,
1918719,,,,,,,,,,,,,,,,
1918727,,,,,,,,,,,,,,,,
1918730,,,,,,,,,,,,,,,,
1918762,,,,,,,,,,,,,,,,
1918766,,,,,,,,,,,,,,,,
1918768,,,,,,,,,,,,,,,,
1918774,,,,,,,,,,,,,,,,
1918776,,,,,,,,,,,,,,,,
1918785,,,,,,,,,,,,,,,,
1918791,,,,,,,,,,,,,,,,
1918796,,,,,,,,,,,,,,,,
1918798,,,,,,,,,,,,,,,,
1918808,,,,,,,,,,,,,,,,
1918821,,,,,,,,,,,,,,,,
1918822,,,,,,,,,,,,,,,,
1918843,,,,,,,,,,,,,,,,
1918853,,,,,,,,,,,,,,,,
1918859,,,,,,,,,,,,,,,,
1918862,,,,,,,,,,,,,,,,
1918863,,,,,,,,,,,,,,,,
1918868,,,,,,,,,,,,,,,,
1918872,,,,,,,,,,,,,,,,
1918875,,,,,,,,,,,,,,,,
1918882,,,,,,,,,,,,,,,,
1918888,,,,,,,,,,,,,,,,
1918893,,,,,,,,,,,,,,,,
1918901,,,,,,,,,,,,,,,,
1918907,,,,,,,,,,,,,,,,
1918908,,,,,,,,,,,,,,,,
1918910,,,,,,,,,,,,,,,,
1918911,,,,,,,,,,,,,,,,
1918913,,,,,,,,,,,,,,,,
1918918,,,,,,,,,,,,,,,,
1918924,,,,,,,,,,,,,,,,
1918931,,,,,,,,,,,,,,,,
1918937,,,,,,,,,,,,,,,,
1918938,,,,,,,,,,,,,,,,
1918942,,,,,,,,,,,,,,,,
1918950,,,,,,,,,,,,,,,,
1918957,,,,,,,,,,,,,,,,
1918960,,,,,,,,,,,,,,,,
1918963,,,,,,,,,,,,,,,,
1918986,,,,,,,,,,,,,,,,
1918995,,,,,,,,,,,,,,,,
1919000,,,,,,,,,,,,,,,,
1919012,,,,,,,,,,,,,,,,
1919013,,,,,,,,,,,,,,,,
1919029,,,,,,,,,,,,,,,,
1919033,,,,,,,,,,,,,,,,
1919061,,,,,,,,,,,,,,,,
1919063,,,,,,,,,,,,,,,,
1919064,,,,,,,,,,,,,,,,
1919066,,,,,,,,,,,,,,,,
1919069,,,,,,,,,,,,,,,,
1919073,,,,,,,,,,,,,,,,
1919078,,,,,,,,,,,,,,,,
1919079,,,,,,,,,,,,,,,,
1919080,,,,,,,,,,,,,,,,
1919084,,,,,,,,,,,,,,,,
1919086,,,,,,,,,,,,,,,,
1919087,,,,,,,,,,,,,,,,
1919090,,,,,,,,,,,,,,,,
1919091,,,,,,,,,,,,,,,,
1919099,,,,,,,,,,,,,,,,
1919102,,,,,,,,,,,,,,,,
1919103,,,,,,,,,,,,,,,,
1919105,,,,,,,,,,,,,,,,
1919111,,,,,,,,,,,,,,,,
1919113,,,,,,,,,,,,,,,,
1919115,,,,,,,,,,,,,,,,
1919118,,,,,,,,,,,,,,,,
1919124,,,,,,,,,,,,,,,,
1919126,,,,,,,,,,,,,,,,
1919129,,,,,,,,,,,,,,,,
1919130,,,,,,,,,,,,,,,,
1919131,,,,,,,,,,,,,,,,
1919138,,,,,,,,,,,,,,,,
1919139,,,,,,,,,,,,,,,,
1919140,,,,,,,,,,,,,,,,
1919145,,,,,,,,,,,,,,,,
1919153,,,,,,,,,,,,,,,,
1919161,,,,,,,,,,,,,,,,
1919166,,,,,,,,,,,,,,,,
1919167,,,,,,,,,,,,,,,,
1919172,,,,,,,,,,,,,,,,
1919176,,,,,,,,,,,,,,,,
1919180,,,,,,,,,,,,,,,,
1919181,,,,,,,,,,,,,,,,
1919187,,,,,,,,,,,,,,,,
1919198,,,,,,,,,,,,,,,,
1919208,,,,,,,,,,,,,,,,
1919214,,,,,,,,,,,,,,,,
1919222,,,,,,,,,,,,,,,,
1919234,,,,,,,,,,,,,,,,
1919265,,,,,,,,,,,,,,,,
1919272,,,,,,,,,,,,,,,,
1919275,,,,,,,,,,,,,,,,
1919278,,,,,,,,,,,,,,,,
1919281,,,,,,,,,,,,,,,,
1919287,,,,,,,,,,,,,,,,
1919288,,,,,,,,,,,,,,,,
1919291,,,,,,,,,,,,,,,,
1919292,,,,,,,,,,,,,,,,
1919294,,,,,,,,,,,,,,,,
1919297,,,,,,,,,,,,,,,,
1919300,,,,,,,,,,,,,,,,
1919302,,,,,,,,,,,,,,,,
1919304,,,,,,,,,,,,,,,,
1919312,,,,,,,,,,,,,,,,
1919333,,,,,,,,,,,,,,,,
1919334,,,,,,,,,,,,,,,,
1919336,,,,,,,,,,,,,,,,
1919357,,,,,,,,,,,,,,,,
1919382,,,,,,,,,,,,,,,,
1919413,,,,,,,,,,,,,,,,
1919414,,,,,,,,,,,,,,,,
1919428,,,,,,,,,,,,,,,,
1919487,,,,,,,,,,,,,,,,
1919490,,,,,,,,,,,,,,,,
1919493,,,,,,,,,,,,,,,,
1919497,,,,,,,,,,,,,,,,
1919499,,,,,,,,,,,,,,,,
1919502,,,,,,,,,,,,,,,,
1919503,,,,,,,,,,,,,,,,
1919509,,,,,,,,,,,,,,,,
1919521,,,,,,,,,,,,,,,,
1919523,,,,,,,,,,,,,,,,
1919524,,,,,,,,,,,,,,,,
1919528,,,,,,,,,,,,,,,,
1919530,,,,,,,,,,,,,,,,
1919531,,,,,,,,,,,,,,,,
1919532,,,,,,,,,,,,,,,,
1919534,,,,,,,,,,,,,,,,
1919548,,,,,,,,,,,,,,,,
1919587,,,,,,,,,,,,,,,,
1919588,,,,,,,,,,,,,,,,
1919590,,,,,,,,,,,,,,,,
1919595,,,,,,,,,,,,,,,,
1919598,,,,,,,,,,,,,,,,
1919605,,,,,,,,,,,,,,,,
1919609,,,,,,,,,,,,,,,,
1919618,,,,,,,,,,,,,,,,
1919624,,,,,,,,,,,,,,,,
1919628,,,,,,,,,,,,,,,,
1919632,,,,,,,,,,,,,,,,
1919636,,,,,,,,,,,,,,,,
1919641,,,,,,,,,,,,,,,,
1919659,,,,,,,,,,,,,,,,
1919666,,,,,,,,,,,,,,,,
1919672,,,,,,,,,,,,,,,,
1919674,,,,,,,,,,,,,,,,
1919675,,,,,,,,,,,,,,,,
1919680,,,,,,,,,,,,,,,,
1919681,,,,,,,,,,,,,,,,
1919683,,,,,,,,,,,,,,,,
1919688,,,,,,,,,,,,,,,,
1919689,,,,,,,,,,,,,,,,
1919691,,,,,,,,,,,,,,,,
1919693,,,,,,,,,,,,,,,,
1919695,,,,,,,,,,,,,,,,
1919696,,,,,,,,,,,,,,,,
1919697,,,,,,,,,,,,,,,,
1919701,,,,,,,,,,,,,,,,
1919705,,,,,,,,,,,,,,,,
1919729,,,,,,,,,,,,,,,,
1919743,,,,,,,,,,,,,,,,
1919744,,,,,,,,,,,,,,,,
1919749,,,,,,,,,,,,,,,,
1919751,,,,,,,,,,,,,,,,
1919752,,,,,,,,,,,,,,,,
1919755,,,,,,,,,,,,,,,,
1919759,,,,,,,,,,,,,,,,
1919761,,,,,,,,,,,,,,,,
1919765,,,,,,,,,,,,,,,,
1919766,,,,,,,,,,,,,,,,
1919767,,,,,,,,,,,,,,,,
1919768,,,,,,,,,,,,,,,,
1919769,,,,,,,,,,,,,,,,
1919771,,,,,,,,,,,,,,,,
1919777,,,,,,,,,,,,,,,,
1919781,,,,,,,,,,,,,,,,
1919782,,,,,,,,,,,,,,,,
1919786,,,,,,,,,,,,,,,,
1919804,,,,,,,,,,,,,,,,
1919820,,,,,,,,,,,,,,,,
1919821,,,,,,,,,,,,,,,,
1919825,,,,,,,,,,,,,,,,
1919830,,,,,,,,,,,,,,,,
1919850,,,,,,,,,,,,,,,,
1919858,,,,,,,,,,,,,,,,
1919859,,,,,,,,,,,,,,,,
1919866,,,,,,,,,,,,,,,,
1919868,,,,,,,,,,,,,,,,
1919871,,,,,,,,,,,,,,,,
1919878,,,,,,,,,,,,,,,,
1919884,,,,,,,,,,,,,,,,
1919891,,,,,,,,,,,,,,,,
1919893,,,,,,,,,,,,,,,,
1919904,,,,,,,,,,,,,,,,
1919905,,,,,,,,,,,,,,,,
1919908,,,,,,,,,,,,,,,,
1919910,,,,,,,,,,,,,,,,
1919923,,,,,,,,,,,,,,,,
1919927,,,,,,,,,,,,,,,,
1919930,,,,,,,,,,,,,,,,
1919933,,,,,,,,,,,,,,,,
1919934,,,,,,,,,,,,,,,,
1919935,,,,,,,,,,,,,,,,
1919936,,,,,,,,,,,,,,,,
1919937,,,,,,,,,,,,,,,,
1919939,,,,,,,,,,,,,,,,
1919940,,,,,,,,,,,,,,,,
1919949,,,,,,,,,,,,,,,,
1919955,,,,,,,,,,,,,,,,
1919956,,,,,,,,,,,,,,,,
1919958,,,,,,,,,,,,,,,,
1919959,,,,,,,,,,,,,,,,
1919962,,,,,,,,,,,,,,,,
1919963,,,,,,,,,,,,,,,,
1919969,,,,,,,,,,,,,,,,
1919971,,,,,,,,,,,,,,,,
1919981,,,,,,,,,,,,,,,,
1919985,,,,,,,,,,,,,,,,
1920004,,,,,,,,,,,,,,,,
1920021,,,,,,,,,,,,,,,,
1920023,,,,,,,,,,,,,,,,
1920060,,,,,,,,,,,,,,,,
1920067,,,,,,,,,,,,,,,,
1920068,,,,,,,,,,,,,,,,
1920069,,,,,,,,,,,,,,,,
1920070,,,,,,,,,,,,,,,,
1920077,,,,,,,,,,,,,,,,
1920078,,,,,,,,,,,,,,,,
1920079,,,,,,,,,,,,,,,,
1920085,,,,,,,,,,,,,,,,
1920094,,,,,,,,,,,,,,,,
1920096,,,,,,,,,,,,,,,,
1920100,,,,,,,,,,,,,,,,
1920105,,,,,,,,,,,,,,,,
1920116,,,,,,,,,,,,,,,,
1920119,,,,,,,,,,,,,,,,
1920126,,,,,,,,,,,,,,,,
1920128,,,,,,,,,,,,,,,,
1920130,,,,,,,,,,,,,,,,
1920131,,,,,,,,,,,,,,,,
1920137,,,,,,,,,,,,,,,,
1920141,,,,,,,,,,,,,,,,
1920143,,,,,,,,,,,,,,,,
1920149,,,,,,,,,,,,,,,,
1920165,,,,,,,,,,,,,,,,
1920173,,,,,,,,,,,,,,,,
1920187,,,,,,,,,,,,,,,,
1920191,,,,,,,,,,,,,,,,
1920209,,,,,,,,,,,,,,,,
1920215,,,,,,,,,,,,,,,,
1920216,,,,,,,,,,,,,,,,
1920219,,,,,,,,,,,,,,,,
1920222,,,,,,,,,,,,,,,,
1920227,,,,,,,,,,,,,,,,
1920234,,,,,,,,,,,,,,,,
1920235,,,,,,,,,,,,,,,,
1920241,,,,,,,,,,,,,,,,
1920245,,,,,,,,,,,,,,,,
1920246,,,,,,,,,,,,,,,,
1920251,,,,,,,,,,,,,,,,
1920252,,,,,,,,,,,,,,,,
1920253,,,,,,,,,,,,,,,,
1920254,,,,,,,,,,,,,,,,
1920257,,,,,,,,,,,,,,,,
1920259,,,,,,,,,,,,,,,,
1920260,,,,,,,,,,,,,,,,
1920261,,,,,,,,,,,,,,,,
1920262,,,,,,,,,,,,,,,,
1920266,,,,,,,,,,,,,,,,
1920270,,,,,,,,,,,,,,,,
1920298,,,,,,,,,,,,,,,,
1920305,,,,,,,,,,,,,,,,
1920313,,,,,,,,,,,,,,,,
1920323,,,,,,,,,,,,,,,,
1920333,,,,,,,,,,,,,,,,
1920335,,,,,,,,,,,,,,,,
1920344,,,,,,,,,,,,,,,,
1920370,,,,,,,,,,,,,,,,
1920377,,,,,,,,,,,,,,,,
1920379,,,,,,,,,,,,,,,,
1920382,,,,,,,,,,,,,,,,
1920385,,,,,,,,,,,,,,,,
1920398,,,,,,,,,,,,,,,,
1920404,,,,,,,,,,,,,,,,
1920405,,,,,,,,,,,,,,,,
1920414,,,,,,,,,,,,,,,,
1920415,,,,,,,,,,,,,,,,
1920416,,,,,,,,,,,,,,,,
1920422,,,,,,,,,,,,,,,,
1920425,,,,,,,,,,,,,,,,
1920426,,,,,,,,,,,,,,,,
1920432,,,,,,,,,,,,,,,,
1920434,,,,,,,,,,,,,,,,
1920435,,,,,,,,,,,,,,,,
1920436,,,,,,,,,,,,,,,,
1920440,,,,,,,,,,,,,,,,
1920443,,,,,,,,,,,,,,,,
1920447,,,,,,,,,,,,,,,,
1920448,,,,,,,,,,,,,,,,
1920449,,,,,,,,,,,,,,,,
1920472,,,,,,,,,,,,,,,,
1920475,,,,,,,,,,,,,,,,
1920478,,,,,,,,,,,,,,,,
1920485,,,,,,,,,,,,,,,,
1920492,,,,,,,,,,,,,,,,
1920513,,,,,,,,,,,,,,,,
1920515,,,,,,,,,,,,,,,,
1920523,,,,,,,,,,,,,,,,
1920524,,,,,,,,,,,,,,,,
1920525,,,,,,,,,,,,,,,,
1920543,,,,,,,,,,,,,,,,
1920554,,,,,,,,,,,,,,,,
1920565,,,,,,,,,,,,,,,,
1920566,,,,,,,,,,,,,,,,
1920573,,,,,,,,,,,,,,,,
1920577,,,,,,,,,,,,,,,,
1920580,,,,,,,,,,,,,,,,
1920587,,,,,,,,,,,,,,,,
1920589,,,,,,,,,,,,,,,,
1920599,,,,,,,,,,,,,,,,
1920605,,,,,,,,,,,,,,,,
1920610,,,,,,,,,,,,,,,,
1920613,,,,,,,,,,,,,,,,
1920615,,,,,,,,,,,,,,,,
1920616,,,,,,,,,,,,,,,,
1920626,,,,,,,,,,,,,,,,
1920627,,,,,,,,,,,,,,,,
1920631,,,,,,,,,,,,,,,,
1920632,,,,,,,,,,,,,,,,
1920635,,,,,,,,,,,,,,,,
1920636,,,,,,,,,,,,,,,,
1920644,,,,,,,,,,,,,,,,
1920656,,,,,,,,,,,,,,,,
1920660,,,,,,,,,,,,,,,,
1920667,,,,,,,,,,,,,,,,
1920668,,,,,,,,,,,,,,,,
1920670,,,,,,,,,,,,,,,,
1920677,,,,,,,,,,,,,,,,
1920679,,,,,,,,,,,,,,,,
1920682,,,,,,,,,,,,,,,,
1920683,,,,,,,,,,,,,,,,
1920686,,,,,,,,,,,,,,,,
1920689,,,,,,,,,,,,,,,,
1920691,,,,,,,,,,,,,,,,
1920692,,,,,,,,,,,,,,,,
1920701,,,,,,,,,,,,,,,,
1920708,,,,,,,,,,,,,,,,
1920713,,,,,,,,,,,,,,,,
1920718,,,,,,,,,,,,,,,,
1920719,,,,,,,,,,,,,,,,
1920723,,,,,,,,,,,,,,,,
1920728,,,,,,,,,,,,,,,,
1920730,,,,,,,,,,,,,,,,
1920734,,,,,,,,,,,,,,,,
1920740,,,,,,,,,,,,,,,,
1920743,,,,,,,,,,,,,,,,
1920759,,,,,,,,,,,,,,,,
1920763,,,,,,,,,,,,,,,,
1920774,,,,,,,,,,,,,,,,
1920782,,,,,,,,,,,,,,,,
1920783,,,,,,,,,,,,,,,,
1920791,,,,,,,,,,,,,,,,
1920794,,,,,,,,,,,,,,,,
1920796,,,,,,,,,,,,,,,,
1920808,,,,,,,,,,,,,,,,
1920811,,,,,,,,,,,,,,,,
1920818,,,,,,,,,,,,,,,,
1920835,,,,,,,,,,,,,,,,
1920836,,,,,,,,,,,,,,,,
1920848,,,,,,,,,,,,,,,,
1920856,,,,,,,,,,,,,,,,
1920864,,,,,,,,,,,,,,,,
1920869,,,,,,,,,,,,,,,,
1920916,,,,,,,,,,,,,,,,
1920926,,,,,,,,,,,,,,,,
1920929,,,,,,,,,,,,,,,,
1920930,,,,,,,,,,,,,,,,
1920931,,,,,,,,,,,,,,,,
1920937,,,,,,,,,,,,,,,,
1920948,,,,,,,,,,,,,,,,
1920956,,,,,,,,,,,,,,,,
1920973,,,,,,,,,,,,,,,,
1920977,,,,,,,,,,,,,,,,
1920979,,,,,,,,,,,,,,,,
1920981,,,,,,,,,,,,,,,,
1920984,,,,,,,,,,,,,,,,
1920987,,,,,,,,,,,,,,,,
1920992,,,,,,,,,,,,,,,,
1920996,,,,,,,,,,,,,,,,
1920997,,,,,,,,,,,,,,,,
1921002,,,,,,,,,,,,,,,,
1921009,,,,,,,,,,,,,,,,
1921010,,,,,,,,,,,,,,,,
1921026,,,,,,,,,,,,,,,,
1921028,,,,,,,,,,,,,,,,
1921032,,,,,,,,,,,,,,,,
1921033,,,,,,,,,,,,,,,,
1921034,,,,,,,,,,,,,,,,
1921037,,,,,,,,,,,,,,,,
1921048,,,,,,,,,,,,,,,,
1921061,,,,,,,,,,,,,,,,
1921066,,,,,,,,,,,,,,,,
1921067,,,,,,,,,,,,,,,,
1921068,,,,,,,,,,,,,,,,
1921087,,,,,,,,,,,,,,,,
1921095,,,,,,,,,,,,,,,,
1921096,,,,,,,,,,,,,,,,
1921102,,,,,,,,,,,,,,,,
1921103,,,,,,,,,,,,,,,,
1921105,,,,,,,,,,,,,,,,
1921106,,,,,,,,,,,,,,,,
1921108,,,,,,,,,,,,,,,,
1921111,,,,,,,,,,,,,,,,
1921113,,,,,,,,,,,,,,,,
1921115,,,,,,,,,,,,,,,,
1921118,,,,,,,,,,,,,,,,
1921122,,,,,,,,,,,,,,,,
1921123,,,,,,,,,,,,,,,,
1921127,,,,,,,,,,,,,,,,
1921132,,,,,,,,,,,,,,,,
1921136,,,,,,,,,,,,,,,,
1921137,,,,,,,,,,,,,,,,
1921146,,,,,,,,,,,,,,,,
1921147,,,,,,,,,,,,,,,,
1921148,,,,,,,,,,,,,,,,
1921154,,,,,,,,,,,,,,,,
1921155,,,,,,,,,,,,,,,,
1921159,,,,,,,,,,,,,,,,
1921160,,,,,,,,,,,,,,,,
1921168,,,,,,,,,,,,,,,,
1921170,,,,,,,,,,,,,,,,
1921171,,,,,,,,,,,,,,,,
1921172,,,,,,,,,,,,,,,,
1921173,,,,,,,,,,,,,,,,
1921174,,,,,,,,,,,,,,,,
1921179,,,,,,,,,,,,,,,,
1921180,,,,,,,,,,,,,,,,
1921182,,,,,,,,,,,,,,,,
1921187,,,,,,,,,,,,,,,,
1921192,,,,,,,,,,,,,,,,
1921195,,,,,,,,,,,,,,,,
1921198,,,,,,,,,,,,,,,,
1921199,,,,,,,,,,,,,,,,
1921206,,,,,,,,,,,,,,,,
1921210,,,,,,,,,,,,,,,,
1921224,,,,,,,,,,,,,,,,
1921228,,,,,,,,,,,,,,,,
1921231,,,,,,,,,,,,,,,,
1921235,,,,,,,,,,,,,,,,
1921236,,,,,,,,,,,,,,,,
1921237,,,,,,,,,,,,,,,,
1921243,,,,,,,,,,,,,,,,
1921254,,,,,,,,,,,,,,,,
1921262,,,,,,,,,,,,,,,,
1921267,,,,,,,,,,,,,,,,
1921273,,,,,,,,,,,,,,,,
1921274,,,,,,,,,,,,,,,,
1921275,,,,,,,,,,,,,,,,
1921276,,,,,,,,,,,,,,,,
1921278,,,,,,,,,,,,,,,,
1921279,,,,,,,,,,,,,,,,
1921285,,,,,,,,,,,,,,,,
1921288,,,,,,,,,,,,,,,,
1921289,,,,,,,,,,,,,,,,
1921291,,,,,,,,,,,,,,,,
1921295,,,,,,,,,,,,,,,,
1921298,,,,,,,,,,,,,,,,
1921299,,,,,,,,,,,,,,,,
1921304,,,,,,,,,,,,,,,,
1921314,,,,,,,,,,,,,,,,
1921323,,,,,,,,,,,,,,,,
1921331,,,,,,,,,,,,,,,,
1921342,,,,,,,,,,,,,,,,
1921344,,,,,,,,,,,,,,,,
1921345,,,,,,,,,,,,,,,,
1921348,,,,,,,,,,,,,,,,
1921374,,,,,,,,,,,,,,,,
1921375,,,,,,,,,,,,,,,,
1921376,,,,,,,,,,,,,,,,
1921380,,,,,,,,,,,,,,,,
1921382,,,,,,,,,,,,,,,,
1921438,,,,,,,,,,,,,,,,
1921443,,,,,,,,,,,,,,,,
1921467,,,,,,,,,,,,,,,,
1921468,,,,,,,,,,,,,,,,
1921470,,,,,,,,,,,,,,,,
1921480,,,,,,,,,,,,,,,,
1921490,,,,,,,,,,,,,,,,
1921493,,,,,,,,,,,,,,,,
1921502,,,,,,,,,,,,,,,,
1921504,,,,,,,,,,,,,,,,
1921512,,,,,,,,,,,,,,,,
1921513,,,,,,,,,,,,,,,,
1921514,,,,,,,,,,,,,,,,
1921517,,,,,,,,,,,,,,,,
1921518,,,,,,,,,,,,,,,,
1921519,,,,,,,,,,,,,,,,
1921522,,,,,,,,,,,,,,,,
1921523,,,,,,,,,,,,,,,,
1921526,,,,,,,,,,,,,,,,
1921544,,,,,,,,,,,,,,,,
1921550,,,,,,,,,,,,,,,,
1921563,,,,,,,,,,,,,,,,
1921567,,,,,,,,,,,,,,,,
1921572,,,,,,,,,,,,,,,,
1921574,,,,,,,,,,,,,,,,
1921580,,,,,,,,,,,,,,,,
1921587,,,,,,,,,,,,,,,,
1921592,,,,,,,,,,,,,,,,
1921593,,,,,,,,,,,,,,,,
1921596,,,,,,,,,,,,,,,,
1921597,,,,,,,,,,,,,,,,
1921603,,,,,,,,,,,,,,,,
1921610,,,,,,,,,,,,,,,,
1921622,,,,,,,,,,,,,,,,
1921632,,,,,,,,,,,,,,,,
1921640,,,,,,,,,,,,,,,,
1921653,,,,,,,,,,,,,,,,
1921663,,,,,,,,,,,,,,,,
1921667,,,,,,,,,,,,,,,,
1921681,,,,,,,,,,,,,,,,
1921683,,,,,,,,,,,,,,,,
1921687,,,,,,,,,,,,,,,,
1921693,,,,,,,,,,,,,,,,
1921702,,,,,,,,,,,,,,,,
1921710,,,,,,,,,,,,,,,,
1921718,,,,,,,,,,,,,,,,
1921723,,,,,,,,,,,,,,,,
1921724,,,,,,,,,,,,,,,,
1921731,,,,,,,,,,,,,,,,
1921739,,,,,,,,,,,,,,,,
1921741,,,,,,,,,,,,,,,,
1921748,,,,,,,,,,,,,,,,
1921752,,,,,,,,,,,,,,,,
1921756,,,,,,,,,,,,,,,,
1921761,,,,,,,,,,,,,,,,
1921764,,,,,,,,,,,,,,,,
1921765,,,,,,,,,,,,,,,,
1921769,,,,,,,,,,,,,,,,
1921770,,,,,,,,,,,,,,,,
1921776,,,,,,,,,,,,,,,,
1921777,,,,,,,,,,,,,,,,
1921779,,,,,,,,,,,,,,,,
1921782,,,,,,,,,,,,,,,,
1921785,,,,,,,,,,,,,,,,
1921788,,,,,,,,,,,,,,,,
1921794,,,,,,,,,,,,,,,,
1921795,,,,,,,,,,,,,,,,
1921796,,,,,,,,,,,,,,,,
1921799,,,,,,,,,,,,,,,,
1921800,,,,,,,,,,,,,,,,
1921801,,,,,,,,,,,,,,,,
1921803,,,,,,,,,,,,,,,,
1921804,,,,,,,,,,,,,,,,
1921811,,,,,,,,,,,,,,,,
1921813,,,,,,,,,,,,,,,,
1921814,,,,,,,,,,,,,,,,
1921815,,,,,,,,,,,,,,,,
1921817,,,,,,,,,,,,,,,,
1921818,,,,,,,,,,,,,,,,
1921819,,,,,,,,,,,,,,,,
1921821,,,,,,,,,,,,,,,,
1921826,,,,,,,,,,,,,,,,
1921829,,,,,,,,,,,,,,,,
1921833,,,,,,,,,,,,,,,,
1921835,,,,,,,,,,,,,,,,
1921840,,,,,,,,,,,,,,,,
1921849,,,,,,,,,,,,,,,,
1921851,,,,,,,,,,,,,,,,
1921855,,,,,,,,,,,,,,,,
1921856,,,,,,,,,,,,,,,,
1921857,,,,,,,,,,,,,,,,
1921877,,,,,,,,,,,,,,,,
1921881,,,,,,,,,,,,,,,,
1921883,,,,,,,,,,,,,,,,
1921886,,,,,,,,,,,,,,,,
1921890,,,,,,,,,,,,,,,,
1921894,,,,,,,,,,,,,,,,
1921896,,,,,,,,,,,,,,,,
1921901,,,,,,,,,,,,,,,,
1921904,,,,,,,,,,,,,,,,
1921919,,,,,,,,,,,,,,,,
1921923,,,,,,,,,,,,,,,,
1921929,,,,,,,,,,,,,,,,
1921940,,,,,,,,,,,,,,,,
1921949,,,,,,,,,,,,,,,,
1921951,,,,,,,,,,,,,,,,
1921954,,,,,,,,,,,,,,,,
1921974,,,,,,,,,,,,,,,,
1921983,,,,,,,,,,,,,,,,
1921993,,,,,,,,,,,,,,,,
1921995,,,,,,,,,,,,,,,,
1922017,,,,,,,,,,,,,,,,
1922060,,,,,,,,,,,,,,,,
1922096,,,,,,,,,,,,,,,,
1922114,,,,,,,,,,,,,,,,
1922134,,,,,,,,,,,,,,,,
1922135,,,,,,,,,,,,,,,,
1909215,,,,,,,,,,,,,,,,
1909264,,,,,,,,,,,,,,,,
1912409,,,,,,,,,,,,,,,,
1912681,,,,,,,,,,,,,,,,
1913802,,,,,,,,,,,,,,,,
1913863,,,,,,,,,,,,,,,,
1916119,,,,,,,,,,,,,,,,
1916190,,,,,,,,,,,,,,,,
1916633,,,,,,,,,,,,,,,,
1917187,,,,,,,,,,,,,,,,
1917880,,,,,,,,,,,,,,,,
1918196,,,,,,,,,,,,,,,,
1918382,,,,,,,,,,,,,,,,
1918416,,,,,,,,,,,,,,,,
1918814,,,,,,,,,,,,,,,,
1918816,,,,,,,,,,,,,,,,
1919016,,,,,,,,,,,,,,,,
1919157,,,,,,,,,,,,,,,,
1919175,,,,,,,,,,,,,,,,
1919909,,,,,,,,,,,,,,,,
1920016,,,,,,,,,,,,,,,,
1920438,,,,,,,,,,,,,,,,
1920462,,,,,,,,,,,,,,,,
1920470,,,,,,,,,,,,,,,,
1920765,,,,,,,,,,,,,,,,
1920778,,,,,,,,,,,,,,,,
1921306,,,,,,,,,,,,,,,,
1921424,,,,,,,,,,,,,,,,
1921425,,,,,,,,,,,,,,,,
1921426,,,,,,,,,,,,,,,,
1921872,,,,,,,,,,,,,,,,
1921900,,,,,,,,,,,,,,,,
1921912,,,,,,,,,,,,,,,,
1921915,,,,,,,,,,,,,,,,
1921958,,,,,,,,,,,,,,,,
1921965,,,,,,,,,,,,,,,,
1921971,,,,,,,,,,,,,,,,
1921975,,,,,,,,,,,,,,,,
1921987,,,,,,,,,,,,,,,,
1922006,,,,,,,,,,,,,,,,
1922009,,,,,,,,,,,,,,,,
1922012,,,,,,,,,,,,,,,,
1922013,,,,,,,,,,,,,,,,
1922014,,,,,,,,,,,,,,,,
1922019,,,,,,,,,,,,,,,,
1922020,,,,,,,,,,,,,,,,
1922022,,,,,,,,,,,,,,,,
1922024,,,,,,,,,,,,,,,,
1922025,,,,,,,,,,,,,,,,
1922027,,,,,,,,,,,,,,,,
1922038,,,,,,,,,,,,,,,,
1922042,,,,,,,,,,,,,,,,
1922045,,,,,,,,,,,,,,,,
1922046,,,,,,,,,,,,,,,,
1922049,,,,,,,,,,,,,,,,
1922050,,,,,,,,,,,,,,,,
1922056,,,,,,,,,,,,,,,,
1922058,,,,,,,,,,,,,,,,
1922071,,,,,,,,,,,,,,,,
1922072,,,,,,,,,,,,,,,,
1922076,,,,,,,,,,,,,,,,
1922080,,,,,,,,,,,,,,,,
1922087,,,,,,,,,,,,,,,,
1922089,,,,,,,,,,,,,,,,
1922091,,,,,,,,,,,,,,,,
1922094,,,,,,,,,,,,,,,,
1922115,,,,,,,,,,,,,,,,
1922118,,,,,,,,,,,,,,,,
1922121,,,,,,,,,,,,,,,,
1922122,,,,,,,,,,,,,,,,
1922130,,,,,,,,,,,,,,,,
1922138,,,,,,,,,,,,,,,,
1922142,,,,,,,,,,,,,,,,
1922145,,,,,,,,,,,,,,,,
1922148,,,,,,,,,,,,,,,,
1922156,,,,,,,,,,,,,,,,
1922159,,,,,,,,,,,,,,,,
1922161,,,,,,,,,,,,,,,,
1922162,,,,,,,,,,,,,,,,
1922165,,,,,,,,,,,,,,,,
1922171,,,,,,,,,,,,,,,,
1922175,,,,,,,,,,,,,,,,
1922176,,,,,,,,,,,,,,,,
1922180,,,,,,,,,,,,,,,,
1922181,,,,,,,,,,,,,,,,
1922190,,,,,,,,,,,,,,,,
1922191,,,,,,,,,,,,,,,,
1922195,,,,,,,,,,,,,,,,
1922196,,,,,,,,,,,,,,,,
1922198,,,,,,,,,,,,,,,,
1922205,,,,,,,,,,,,,,,,
1922218,,,,,,,,,,,,,,,,
1922221,,,,,,,,,,,,,,,,
1922229,,,,,,,,,,,,,,,,
1922237,,,,,,,,,,,,,,,,
1922249,,,,,,,,,,,,,,,,
1922250,,,,,,,,,,,,,,,,
1922252,,,,,,,,,,,,,,,,
1922253,,,,,,,,,,,,,,,,
1922261,,,,,,,,,,,,,,,,
1922262,,,,,,,,,,,,,,,,
1922267,,,,,,,,,,,,,,,,
1922274,,,,,,,,,,,,,,,,
1922279,,,,,,,,,,,,,,,,
1922307,,,,,,,,,,,,,,,,
1922309,,,,,,,,,,,,,,,,
1922322,,,,,,,,,,,,,,,,
1922327,,,,,,,,,,,,,,,,
1922339,,,,,,,,,,,,,,,,
1922340,,,,,,,,,,,,,,,,
1922344,,,,,,,,,,,,,,,,
1922348,,,,,,,,,,,,,,,,
1922355,,,,,,,,,,,,,,,,
1922359,,,,,,,,,,,,,,,,
1922366,,,,,,,,,,,,,,,,
1922368,,,,,,,,,,,,,,,,
1922377,,,,,,,,,,,,,,,,
1922378,,,,,,,,,,,,,,,,
1922384,,,,,,,,,,,,,,,,
1922390,,,,,,,,,,,,,,,,
1922393,,,,,,,,,,,,,,,,
1922395,,,,,,,,,,,,,,,,
1922403,,,,,,,,,,,,,,,,
1922406,,,,,,,,,,,,,,,,
1922417,,,,,,,,,,,,,,,,
1922431,,,,,,,,,,,,,,,,
1922443,,,,,,,,,,,,,,,,
1922454,,,,,,,,,,,,,,,,
1922456,,,,,,,,,,,,,,,,
1922469,,,,,,,,,,,,,,,,
1922471,,,,,,,,,,,,,,,,
1922473,,,,,,,,,,,,,,,,
1922485,,,,,,,,,,,,,,,,
1922488,,,,,,,,,,,,,,,,
1922501,,,,,,,,,,,,,,,,
1922555,,,,,,,,,,,,,,,,
1922568,,,,,,,,,,,,,,,,
1922588,,,,,,,,,,,,,,,,
1922591,,,,,,,,,,,,,,,,
1922597,,,,,,,,,,,,,,,,
1922599,,,,,,,,,,,,,,,,
1922602,,,,,,,,,,,,,,,,
1922608,,,,,,,,,,,,,,,,
1922612,,,,,,,,,,,,,,,,
1922614,,,,,,,,,,,,,,,,
1922616,,,,,,,,,,,,,,,,
1922624,,,,,,,,,,,,,,,,
1922630,,,,,,,,,,,,,,,,
1922635,,,,,,,,,,,,,,,,
1922636,,,,,,,,,,,,,,,,
1922640,,,,,,,,,,,,,,,,
1922646,,,,,,,,,,,,,,,,
1922651,,,,,,,,,,,,,,,,
1922653,,,,,,,,,,,,,,,,
1922663,,,,,,,,,,,,,,,,
1922667,,,,,,,,,,,,,,,,
1922671,,,,,,,,,,,,,,,,
1922676,,,,,,,,,,,,,,,,
1922680,,,,,,,,,,,,,,,,
1922681,,,,,,,,,,,,,,,,
1922683,,,,,,,,,,,,,,,,
1922689,,,,,,,,,,,,,,,,
1922695,,,,,,,,,,,,,,,,
1922727,,,,,,,,,,,,,,,,
1922755,,,,,,,,,,,,,,,,
1922787,,,,,,,,,,,,,,,,
1922789,,,,,,,,,,,,,,,,
1922792,,,,,,,,,,,,,,,,
1922793,,,,,,,,,,,,,,,,
1922804,,,,,,,,,,,,,,,,
1922806,,,,,,,,,,,,,,,,
1922824,,,,,,,,,,,,,,,,
1922827,,,,,,,,,,,,,,,,
1922829,,,,,,,,,,,,,,,,
1922830,,,,,,,,,,,,,,,,
1922832,,,,,,,,,,,,,,,,
1922833,,,,,,,,,,,,,,,,
1922836,,,,,,,,,,,,,,,,
1922851,,,,,,,,,,,,,,,,
1922852,,,,,,,,,,,,,,,,
1922856,,,,,,,,,,,,,,,,
1922863,,,,,,,,,,,,,,,,
1922864,,,,,,,,,,,,,,,,
1922867,,,,,,,,,,,,,,,,
1922869,,,,,,,,,,,,,,,,
1922871,,,,,,,,,,,,,,,,
1922877,,,,,,,,,,,,,,,,
1922880,,,,,,,,,,,,,,,,
1922883,,,,,,,,,,,,,,,,
1922887,,,,,,,,,,,,,,,,
1922888,,,,,,,,,,,,,,,,
1922894,,,,,,,,,,,,,,,,
1922896,,,,,,,,,,,,,,,,
1922904,,,,,,,,,,,,,,,,
1922908,,,,,,,,,,,,,,,,
1922912,,,,,,,,,,,,,,,,
1922916,,,,,,,,,,,,,,,,
1922918,,,,,,,,,,,,,,,,
1922919,,,,,,,,,,,,,,,,
1922920,,,,,,,,,,,,,,,,
1922922,,,,,,,,,,,,,,,,
1922926,,,,,,,,,,,,,,,,
1922928,,,,,,,,,,,,,,,,
1922930,,,,,,,,,,,,,,,,
1922931,,,,,,,,,,,,,,,,
1922986,,,,,,,,,,,,,,,,
1923019,,,,,,,,,,,,,,,,
1923030,,,,,,,,,,,,,,,,
1923032,,,,,,,,,,,,,,,,
1923039,,,,,,,,,,,,,,,,
1923050,,,,,,,,,,,,,,,,
1923057,,,,,,,,,,,,,,,,
1923061,,,,,,,,,,,,,,,,
1923065,,,,,,,,,,,,,,,,
1923105,,,,,,,,,,,,,,,,
1923117,,,,,,,,,,,,,,,,
1923134,,,,,,,,,,,,,,,,
1923138,,,,,,,,,,,,,,,,
1923139,,,,,,,,,,,,,,,,
1923158,,,,,,,,,,,,,,,,
1923159,,,,,,,,,,,,,,,,
1923161,,,,,,,,,,,,,,,,
1923162,,,,,,,,,,,,,,,,
1923167,,,,,,,,,,,,,,,,
1923169,,,,,,,,,,,,,,,,
1923170,,,,,,,,,,,,,,,,
1923181,,,,,,,,,,,,,,,,
1923189,,,,,,,,,,,,,,,,
1923192,,,,,,,,,,,,,,,,
1923197,,,,,,,,,,,,,,,,
1923200,,,,,,,,,,,,,,,,
1923204,,,,,,,,,,,,,,,,
1923220,,,,,,,,,,,,,,,,
1923223,,,,,,,,,,,,,,,,
1923236,,,,,,,,,,,,,,,,
1923246,,,,,,,,,,,,,,,,
1923247,,,,,,,,,,,,,,,,
1923250,,,,,,,,,,,,,,,,
1923257,,,,,,,,,,,,,,,,
1923260,,,,,,,,,,,,,,,,
1923266,,,,,,,,,,,,,,,,
1923269,,,,,,,,,,,,,,,,
1923280,,,,,,,,,,,,,,,,
1923283,,,,,,,,,,,,,,,,
1923290,,,,,,,,,,,,,,,,
1923293,,,,,,,,,,,,,,,,
1923298,,,,,,,,,,,,,,,,
1923320,,,,,,,,,,,,,,,,
1923332,,,,,,,,,,,,,,,,
1923335,,,,,,,,,,,,,,,,
1923345,,,,,,,,,,,,,,,,
1923346,,,,,,,,,,,,,,,,
1923352,,,,,,,,,,,,,,,,
1923354,,,,,,,,,,,,,,,,
1923362,,,,,,,,,,,,,,,,
1923366,,,,,,,,,,,,,,,,
1923369,,,,,,,,,,,,,,,,
1923370,,,,,,,,,,,,,,,,
1923371,,,,,,,,,,,,,,,,
1923372,,,,,,,,,,,,,,,,
1923379,,,,,,,,,,,,,,,,
1923387,,,,,,,,,,,,,,,,
1923393,,,,,,,,,,,,,,,,
1923394,,,,,,,,,,,,,,,,
1923398,,,,,,,,,,,,,,,,
1923413,,,,,,,,,,,,,,,,
1923419,,,,,,,,,,,,,,,,
1923421,,,,,,,,,,,,,,,,
1923425,,,,,,,,,,,,,,,,
1923426,,,,,,,,,,,,,,,,
1923442,,,,,,,,,,,,,,,,
1923445,,,,,,,,,,,,,,,,
1923447,,,,,,,,,,,,,,,,
1923455,,,,,,,,,,,,,,,,
1923461,,,,,,,,,,,,,,,,
1923462,,,,,,,,,,,,,,,,
1923463,,,,,,,,,,,,,,,,
1923469,,,,,,,,,,,,,,,,
1923470,,,,,,,,,,,,,,,,
1923471,,,,,,,,,,,,,,,,
1923473,,,,,,,,,,,,,,,,
1923474,,,,,,,,,,,,,,,,
1923476,,,,,,,,,,,,,,,,
1923487,,,,,,,,,,,,,,,,
1923496,,,,,,,,,,,,,,,,
1923499,,,,,,,,,,,,,,,,
1923503,,,,,,,,,,,,,,,,
1923505,,,,,,,,,,,,,,,,
1923509,,,,,,,,,,,,,,,,
1923511,,,,,,,,,,,,,,,,
1923516,,,,,,,,,,,,,,,,
1923518,,,,,,,,,,,,,,,,
1923519,,,,,,,,,,,,,,,,
1923523,,,,,,,,,,,,,,,,
1923525,,,,,,,,,,,,,,,,
1923545,,,,,,,,,,,,,,,,
1923555,,,,,,,,,,,,,,,,
1923556,,,,,,,,,,,,,,,,
1923557,,,,,,,,,,,,,,,,
1923558,,,,,,,,,,,,,,,,
1923559,,,,,,,,,,,,,,,,
1923560,,,,,,,,,,,,,,,,
1923568,,,,,,,,,,,,,,,,
1923573,,,,,,,,,,,,,,,,
1923576,,,,,,,,,,,,,,,,
1923581,,,,,,,,,,,,,,,,
1923582,,,,,,,,,,,,,,,,
1923583,,,,,,,,,,,,,,,,
1923590,,,,,,,,,,,,,,,,
1923595,,,,,,,,,,,,,,,,
1923598,,,,,,,,,,,,,,,,
1923600,,,,,,,,,,,,,,,,
1923603,,,,,,,,,,,,,,,,
1923612,,,,,,,,,,,,,,,,
1923617,,,,,,,,,,,,,,,,
1923622,,,,,,,,,,,,,,,,
1923629,,,,,,,,,,,,,,,,
1923633,,,,,,,,,,,,,,,,
1923638,,,,,,,,,,,,,,,,
1923647,,,,,,,,,,,,,,,,
1923652,,,,,,,,,,,,,,,,
1923653,,,,,,,,,,,,,,,,
1923656,,,,,,,,,,,,,,,,
1923661,,,,,,,,,,,,,,,,
1923663,,,,,,,,,,,,,,,,
1923669,,,,,,,,,,,,,,,,
1923677,,,,,,,,,,,,,,,,
1923678,,,,,,,,,,,,,,,,
1923682,,,,,,,,,,,,,,,,
1923691,,,,,,,,,,,,,,,,
1923694,,,,,,,,,,,,,,,,
1923695,,,,,,,,,,,,,,,,
1923697,,,,,,,,,,,,,,,,
1923700,,,,,,,,,,,,,,,,
1923701,,,,,,,,,,,,,,,,
1923705,,,,,,,,,,,,,,,,
1923706,,,,,,,,,,,,,,,,
1923709,,,,,,,,,,,,,,,,
1923710,,,,,,,,,,,,,,,,
1923712,,,,,,,,,,,,,,,,
1923714,,,,,,,,,,,,,,,,
1923715,,,,,,,,,,,,,,,,
1923716,,,,,,,,,,,,,,,,
1923717,,,,,,,,,,,,,,,,
1923718,,,,,,,,,,,,,,,,
1923720,,,,,,,,,,,,,,,,
1923721,,,,,,,,,,,,,,,,
1923725,,,,,,,,,,,,,,,,
1923728,,,,,,,,,,,,,,,,
1923730,,,,,,,,,,,,,,,,
1923732,,,,,,,,,,,,,,,,
1923737,,,,,,,,,,,,,,,,
1923738,,,,,,,,,,,,,,,,
1923739,,,,,,,,,,,,,,,,
1923741,,,,,,,,,,,,,,,,
1923742,,,,,,,,,,,,,,,,
1923746,,,,,,,,,,,,,,,,
1923747,,,,,,,,,,,,,,,,
1923748,,,,,,,,,,,,,,,,
1923752,,,,,,,,,,,,,,,,
1923753,,,,,,,,,,,,,,,,
1923755,,,,,,,,,,,,,,,,
1923756,,,,,,,,,,,,,,,,
1923758,,,,,,,,,,,,,,,,
1923759,,,,,,,,,,,,,,,,
1923773,,,,,,,,,,,,,,,,
1923781,,,,,,,,,,,,,,,,
1923810,,,,,,,,,,,,,,,,
1923885,,,,,,,,,,,,,,,,
1923904,,,,,,,,,,,,,,,,
1923919,,,,,,,,,,,,,,,,
1923925,,,,,,,,,,,,,,,,
1923927,,,,,,,,,,,,,,,,
1923938,,,,,,,,,,,,,,,,
1923946,,,,,,,,,,,,,,,,
1923948,,,,,,,,,,,,,,,,
1923949,,,,,,,,,,,,,,,,
1923952,,,,,,,,,,,,,,,,
1923955,,,,,,,,,,,,,,,,
1923957,,,,,,,,,,,,,,,,
1923959,,,,,,,,,,,,,,,,
1923960,,,,,,,,,,,,,,,,
1923963,,,,,,,,,,,,,,,,
1923966,,,,,,,,,,,,,,,,
1923967,,,,,,,,,,,,,,,,
1923969,,,,,,,,,,,,,,,,
1923970,,,,,,,,,,,,,,,,
1923975,,,,,,,,,,,,,,,,
1924001,,,,,,,,,,,,,,,,
1924014,,,,,,,,,,,,,,,,
1924033,,,,,,,,,,,,,,,,
1924035,,,,,,,,,,,,,,,,
1924063,,,,,,,,,,,,,,,,
1924067,,,,,,,,,,,,,,,,
1924072,,,,,,,,,,,,,,,,
1924079,,,,,,,,,,,,,,,,
1924086,,,,,,,,,,,,,,,,
1924089,,,,,,,,,,,,,,,,
1924102,,,,,,,,,,,,,,,,
1924116,,,,,,,,,,,,,,,,
1924118,,,,,,,,,,,,,,,,
1924143,,,,,,,,,,,,,,,,
1924156,,,,,,,,,,,,,,,,
1924165,,,,,,,,,,,,,,,,
1924171,,,,,,,,,,,,,,,,
1924175,,,,,,,,,,,,,,,,
1924179,,,,,,,,,,,,,,,,
1924181,,,,,,,,,,,,,,,,
1924187,,,,,,,,,,,,,,,,
1924188,,,,,,,,,,,,,,,,
1924193,,,,,,,,,,,,,,,,
1924194,,,,,,,,,,,,,,,,
1924196,,,,,,,,,,,,,,,,
1924200,,,,,,,,,,,,,,,,
1924202,,,,,,,,,,,,,,,,
1924208,,,,,,,,,,,,,,,,
1924210,,,,,,,,,,,,,,,,
1924215,,,,,,,,,,,,,,,,
1924216,,,,,,,,,,,,,,,,
1924217,,,,,,,,,,,,,,,,
1924220,,,,,,,,,,,,,,,,
1924222,,,,,,,,,,,,,,,,
1924223,,,,,,,,,,,,,,,,
1924231,,,,,,,,,,,,,,,,
1924234,,,,,,,,,,,,,,,,
1924237,,,,,,,,,,,,,,,,
1924270,,,,,,,,,,,,,,,,
1924278,,,,,,,,,,,,,,,,
1924281,,,,,,,,,,,,,,,,
1924288,,,,,,,,,,,,,,,,
1924289,,,,,,,,,,,,,,,,
1924290,,,,,,,,,,,,,,,,
1924296,,,,,,,,,,,,,,,,
1924304,,,,,,,,,,,,,,,,
1924334,,,,,,,,,,,,,,,,
1924339,,,,,,,,,,,,,,,,
1924346,,,,,,,,,,,,,,,,
1924351,,,,,,,,,,,,,,,,
1924355,,,,,,,,,,,,,,,,
1924357,,,,,,,,,,,,,,,,
1924358,,,,,,,,,,,,,,,,
1924362,,,,,,,,,,,,,,,,
1924365,,,,,,,,,,,,,,,,
1924380,,,,,,,,,,,,,,,,
1924381,,,,,,,,,,,,,,,,
1924409,,,,,,,,,,,,,,,,
1924412,,,,,,,,,,,,,,,,
1924414,,,,,,,,,,,,,,,,
1924420,,,,,,,,,,,,,,,,
1924421,,,,,,,,,,,,,,,,
1924423,,,,,,,,,,,,,,,,
1924426,,,,,,,,,,,,,,,,
1924427,,,,,,,,,,,,,,,,
1924431,,,,,,,,,,,,,,,,
1924432,,,,,,,,,,,,,,,,
1924434,,,,,,,,,,,,,,,,
1924435,,,,,,,,,,,,,,,,
1924440,,,,,,,,,,,,,,,,
1924441,,,,,,,,,,,,,,,,
1924442,,,,,,,,,,,,,,,,
1924443,,,,,,,,,,,,,,,,
1924444,,,,,,,,,,,,,,,,
1924446,,,,,,,,,,,,,,,,
1924448,,,,,,,,,,,,,,,,
1924452,,,,,,,,,,,,,,,,
1924453,,,,,,,,,,,,,,,,
1924454,,,,,,,,,,,,,,,,
1924458,,,,,,,,,,,,,,,,
1924462,,,,,,,,,,,,,,,,
1924463,,,,,,,,,,,,,,,,
1924473,,,,,,,,,,,,,,,,
1924474,,,,,,,,,,,,,,,,
1924476,,,,,,,,,,,,,,,,
1924495,,,,,,,,,,,,,,,,
1924496,,,,,,,,,,,,,,,,
1924499,,,,,,,,,,,,,,,,
1924501,,,,,,,,,,,,,,,,
1924504,,,,,,,,,,,,,,,,
1924505,,,,,,,,,,,,,,,,
1924506,,,,,,,,,,,,,,,,
1924507,,,,,,,,,,,,,,,,
1924600,,,,,,,,,,,,,,,,
1924616,,,,,,,,,,,,,,,,
1924636,,,,,,,,,,,,,,,,
1924643,,,,,,,,,,,,,,,,
1924645,,,,,,,,,,,,,,,,
1924653,,,,,,,,,,,,,,,,
1924663,,,,,,,,,,,,,,,,
1924668,,,,,,,,,,,,,,,,
1924673,,,,,,,,,,,,,,,,
1924679,,,,,,,,,,,,,,,,
1924682,,,,,,,,,,,,,,,,
1924685,,,,,,,,,,,,,,,,
1924698,,,,,,,,,,,,,,,,
1924702,,,,,,,,,,,,,,,,
1924708,,,,,,,,,,,,,,,,
1924709,,,,,,,,,,,,,,,,
1924717,,,,,,,,,,,,,,,,
1924720,,,,,,,,,,,,,,,,
1924727,,,,,,,,,,,,,,,,
1924736,,,,,,,,,,,,,,,,
1924741,,,,,,,,,,,,,,,,
1924745,,,,,,,,,,,,,,,,
1924751,,,,,,,,,,,,,,,,
1924754,,,,,,,,,,,,,,,,
1924762,,,,,,,,,,,,,,,,
1924784,,,,,,,,,,,,,,,,
1924785,,,,,,,,,,,,,,,,
1924786,,,,,,,,,,,,,,,,
1924791,,,,,,,,,,,,,,,,
1924794,,,,,,,,,,,,,,,,
1924795,,,,,,,,,,,,,,,,
1924796,,,,,,,,,,,,,,,,
1924797,,,,,,,,,,,,,,,,
1924804,,,,,,,,,,,,,,,,
1924807,,,,,,,,,,,,,,,,
1924816,,,,,,,,,,,,,,,,
1924830,,,,,,,,,,,,,,,,
1924842,,,,,,,,,,,,,,,,
1924847,,,,,,,,,,,,,,,,
1924850,,,,,,,,,,,,,,,,
1924858,,,,,,,,,,,,,,,,
1924876,,,,,,,,,,,,,,,,
1924880,,,,,,,,,,,,,,,,
1924890,,,,,,,,,,,,,,,,
1924893,,,,,,,,,,,,,,,,
1924894,,,,,,,,,,,,,,,,
1924898,,,,,,,,,,,,,,,,
1924902,,,,,,,,,,,,,,,,
1924906,,,,,,,,,,,,,,,,
1924910,,,,,,,,,,,,,,,,
1924918,,,,,,,,,,,,,,,,
1924924,,,,,,,,,,,,,,,,
1924926,,,,,,,,,,,,,,,,
1924932,,,,,,,,,,,,,,,,
1924935,,,,,,,,,,,,,,,,
1924936,,,,,,,,,,,,,,,,
1924939,,,,,,,,,,,,,,,,
1924940,,,,,,,,,,,,,,,,
1924941,,,,,,,,,,,,,,,,
1924947,,,,,,,,,,,,,,,,
1924948,,,,,,,,,,,,,,,,
1924952,,,,,,,,,,,,,,,,
1924959,,,,,,,,,,,,,,,,
1924961,,,,,,,,,,,,,,,,
1924966,,,,,,,,,,,,,,,,
1924976,,,,,,,,,,,,,,,,
1924981,,,,,,,,,,,,,,,,
1924999,,,,,,,,,,,,,,,,
1925000,,,,,,,,,,,,,,,,
1925004,,,,,,,,,,,,,,,,
1925005,,,,,,,,,,,,,,,,
1925007,,,,,,,,,,,,,,,,
1925008,,,,,,,,,,,,,,,,
1925011,,,,,,,,,,,,,,,,
1925012,,,,,,,,,,,,,,,,
1925030,,,,,,,,,,,,,,,,
1925047,,,,,,,,,,,,,,,,
1925054,,,,,,,,,,,,,,,,
1925064,,,,,,,,,,,,,,,,
1925069,,,,,,,,,,,,,,,,
1925074,,,,,,,,,,,,,,,,
1925089,,,,,,,,,,,,,,,,
1925091,,,,,,,,,,,,,,,,
1925094,,,,,,,,,,,,,,,,
1925095,,,,,,,,,,,,,,,,
1925100,,,,,,,,,,,,,,,,
1925102,,,,,,,,,,,,,,,,
1925104,,,,,,,,,,,,,,,,
1925110,,,,,,,,,,,,,,,,
1925115,,,,,,,,,,,,,,,,
1925117,,,,,,,,,,,,,,,,
1925118,,,,,,,,,,,,,,,,
1925122,,,,,,,,,,,,,,,,
1925126,,,,,,,,,,,,,,,,
1925129,,,,,,,,,,,,,,,,
1925130,,,,,,,,,,,,,,,,
1925133,,,,,,,,,,,,,,,,
1925134,,,,,,,,,,,,,,,,
1925136,,,,,,,,,,,,,,,,
1925140,,,,,,,,,,,,,,,,
1925141,,,,,,,,,,,,,,,,
1925142,,,,,,,,,,,,,,,,
1925145,,,,,,,,,,,,,,,,
1925154,,,,,,,,,,,,,,,,
1925155,,,,,,,,,,,,,,,,
1925161,,,,,,,,,,,,,,,,
1925164,,,,,,,,,,,,,,,,
1925165,,,,,,,,,,,,,,,,
1925172,,,,,,,,,,,,,,,,
1925174,,,,,,,,,,,,,,,,
1925175,,,,,,,,,,,,,,,,
1925179,,,,,,,,,,,,,,,,
1925194,,,,,,,,,,,,,,,,
1925196,,,,,,,,,,,,,,,,
1925200,,,,,,,,,,,,,,,,
1925201,,,,,,,,,,,,,,,,
1925207,,,,,,,,,,,,,,,,
1925210,,,,,,,,,,,,,,,,
1925211,,,,,,,,,,,,,,,,
1925262,,,,,,,,,,,,,,,,
1925265,,,,,,,,,,,,,,,,
1925267,,,,,,,,,,,,,,,,
1925268,,,,,,,,,,,,,,,,
1925269,,,,,,,,,,,,,,,,
1925271,,,,,,,,,,,,,,,,
1925272,,,,,,,,,,,,,,,,
1925274,,,,,,,,,,,,,,,,
1925277,,,,,,,,,,,,,,,,
1925279,,,,,,,,,,,,,,,,
1925280,,,,,,,,,,,,,,,,
1925286,,,,,,,,,,,,,,,,
1925291,,,,,,,,,,,,,,,,
1925295,,,,,,,,,,,,,,,,
1925296,,,,,,,,,,,,,,,,
1925297,,,,,,,,,,,,,,,,
1925306,,,,,,,,,,,,,,,,
1925307,,,,,,,,,,,,,,,,
1925316,,,,,,,,,,,,,,,,
1925317,,,,,,,,,,,,,,,,
1925319,,,,,,,,,,,,,,,,
1925322,,,,,,,,,,,,,,,,
1925323,,,,,,,,,,,,,,,,
1925326,,,,,,,,,,,,,,,,
1925330,,,,,,,,,,,,,,,,
1925339,,,,,,,,,,,,,,,,
1925341,,,,,,,,,,,,,,,,
1925342,,,,,,,,,,,,,,,,
1925347,,,,,,,,,,,,,,,,
1925348,,,,,,,,,,,,,,,,
1925352,,,,,,,,,,,,,,,,
1925353,,,,,,,,,,,,,,,,
1925354,,,,,,,,,,,,,,,,
1925390,,,,,,,,,,,,,,,,
1925447,,,,,,,,,,,,,,,,
1925456,,,,,,,,,,,,,,,,
1925458,,,,,,,,,,,,,,,,
1925461,,,,,,,,,,,,,,,,
1925466,,,,,,,,,,,,,,,,
1925468,,,,,,,,,,,,,,,,
1925469,,,,,,,,,,,,,,,,
1925475,,,,,,,,,,,,,,,,
1925489,,,,,,,,,,,,,,,,
1925494,,,,,,,,,,,,,,,,
1925497,,,,,,,,,,,,,,,,
1925505,,,,,,,,,,,,,,,,
1925507,,,,,,,,,,,,,,,,
1925508,,,,,,,,,,,,,,,,
1925513,,,,,,,,,,,,,,,,
1925514,,,,,,,,,,,,,,,,
1925517,,,,,,,,,,,,,,,,
1925523,,,,,,,,,,,,,,,,
1925525,,,,,,,,,,,,,,,,
1925534,,,,,,,,,,,,,,,,
1925537,,,,,,,,,,,,,,,,
1925540,,,,,,,,,,,,,,,,
1925546,,,,,,,,,,,,,,,,
1925554,,,,,,,,,,,,,,,,
1925556,,,,,,,,,,,,,,,,
1925568,,,,,,,,,,,,,,,,
1925570,,,,,,,,,,,,,,,,
1925576,,,,,,,,,,,,,,,,
1925591,,,,,,,,,,,,,,,,
1925593,,,,,,,,,,,,,,,,
1925600,,,,,,,,,,,,,,,,
1925602,,,,,,,,,,,,,,,,
1925608,,,,,,,,,,,,,,,,
1925619,,,,,,,,,,,,,,,,
1925624,,,,,,,,,,,,,,,,
1925628,,,,,,,,,,,,,,,,
1925630,,,,,,,,,,,,,,,,
1925638,,,,,,,,,,,,,,,,
1925644,,,,,,,,,,,,,,,,
1925645,,,,,,,,,,,,,,,,
1925647,,,,,,,,,,,,,,,,
1925649,,,,,,,,,,,,,,,,
1925652,,,,,,,,,,,,,,,,
1925655,,,,,,,,,,,,,,,,
1925657,,,,,,,,,,,,,,,,
1925658,,,,,,,,,,,,,,,,
1925659,,,,,,,,,,,,,,,,
1925666,,,,,,,,,,,,,,,,
1925705,,,,,,,,,,,,,,,,
1925708,,,,,,,,,,,,,,,,
1925710,,,,,,,,,,,,,,,,
1925715,,,,,,,,,,,,,,,,
1925716,,,,,,,,,,,,,,,,
1925720,,,,,,,,,,,,,,,,
1925724,,,,,,,,,,,,,,,,
1925727,,,,,,,,,,,,,,,,
1925730,,,,,,,,,,,,,,,,
1925732,,,,,,,,,,,,,,,,
1925735,,,,,,,,,,,,,,,,
1925746,,,,,,,,,,,,,,,,
1925755,,,,,,,,,,,,,,,,
1925756,,,,,,,,,,,,,,,,
1925757,,,,,,,,,,,,,,,,
1925761,,,,,,,,,,,,,,,,
1925763,,,,,,,,,,,,,,,,
1925766,,,,,,,,,,,,,,,,
1925770,,,,,,,,,,,,,,,,
1925772,,,,,,,,,,,,,,,,
1925773,,,,,,,,,,,,,,,,
1925774,,,,,,,,,,,,,,,,
1925777,,,,,,,,,,,,,,,,
1925783,,,,,,,,,,,,,,,,
1925787,,,,,,,,,,,,,,,,
1925789,,,,,,,,,,,,,,,,
1925791,,,,,,,,,,,,,,,,
1925801,,,,,,,,,,,,,,,,
1925802,,,,,,,,,,,,,,,,
1925804,,,,,,,,,,,,,,,,
1925808,,,,,,,,,,,,,,,,
1925812,,,,,,,,,,,,,,,,
1925814,,,,,,,,,,,,,,,,
1925816,,,,,,,,,,,,,,,,
1925820,,,,,,,,,,,,,,,,
1925822,,,,,,,,,,,,,,,,
1925823,,,,,,,,,,,,,,,,
1925824,,,,,,,,,,,,,,,,
1925825,,,,,,,,,,,,,,,,
1925829,,,,,,,,,,,,,,,,
1925834,,,,,,,,,,,,,,,,
1925836,,,,,,,,,,,,,,,,
1925843,,,,,,,,,,,,,,,,
1925847,,,,,,,,,,,,,,,,
1925853,,,,,,,,,,,,,,,,
1925862,,,,,,,,,,,,,,,,
1925863,,,,,,,,,,,,,,,,
1925873,,,,,,,,,,,,,,,,
1925874,,,,,,,,,,,,,,,,
1925876,,,,,,,,,,,,,,,,
1925877,,,,,,,,,,,,,,,,
1925882,,,,,,,,,,,,,,,,
1925883,,,,,,,,,,,,,,,,
1925890,,,,,,,,,,,,,,,,
1925891,,,,,,,,,,,,,,,,
1925894,,,,,,,,,,,,,,,,
1925895,,,,,,,,,,,,,,,,
1925900,,,,,,,,,,,,,,,,
1925902,,,,,,,,,,,,,,,,
1925903,,,,,,,,,,,,,,,,
1925910,,,,,,,,,,,,,,,,
1925912,,,,,,,,,,,,,,,,
1925913,,,,,,,,,,,,,,,,
1925916,,,,,,,,,,,,,,,,
1925921,,,,,,,,,,,,,,,,
1925923,,,,,,,,,,,,,,,,
1925930,,,,,,,,,,,,,,,,
1925931,,,,,,,,,,,,,,,,
1925932,,,,,,,,,,,,,,,,
1925933,,,,,,,,,,,,,,,,
1925934,,,,,,,,,,,,,,,,
1925936,,,,,,,,,,,,,,,,
1925937,,,,,,,,,,,,,,,,
1925938,,,,,,,,,,,,,,,,
1925947,,,,,,,,,,,,,,,,
1925951,,,,,,,,,,,,,,,,
1925953,,,,,,,,,,,,,,,,
1925955,,,,,,,,,,,,,,,,
1925956,,,,,,,,,,,,,,,,
1925958,,,,,,,,,,,,,,,,
1925962,,,,,,,,,,,,,,,,
1925969,,,,,,,,,,,,,,,,
1925970,,,,,,,,,,,,,,,,
1925977,,,,,,,,,,,,,,,,
1925981,,,,,,,,,,,,,,,,
1925984,,,,,,,,,,,,,,,,
1925985,,,,,,,,,,,,,,,,
1925986,,,,,,,,,,,,,,,,
1925987,,,,,,,,,,,,,,,,
1925989,,,,,,,,,,,,,,,,
1925993,,,,,,,,,,,,,,,,
1925994,,,,,,,,,,,,,,,,
1925996,,,,,,,,,,,,,,,,
1925997,,,,,,,,,,,,,,,,
1925999,,,,,,,,,,,,,,,,
1926008,,,,,,,,,,,,,,,,
1926009,,,,,,,,,,,,,,,,
1926010,,,,,,,,,,,,,,,,
1926011,,,,,,,,,,,,,,,,
1926014,,,,,,,,,,,,,,,,
1926016,,,,,,,,,,,,,,,,
1926017,,,,,,,,,,,,,,,,
1926018,,,,,,,,,,,,,,,,
1926019,,,,,,,,,,,,,,,,
1926020,,,,,,,,,,,,,,,,
1926025,,,,,,,,,,,,,,,,
1926026,,,,,,,,,,,,,,,,
1926027,,,,,,,,,,,,,,,,
1926029,,,,,,,,,,,,,,,,
1926031,,,,,,,,,,,,,,,,
1926034,,,,,,,,,,,,,,,,
1926035,,,,,,,,,,,,,,,,
1926036,,,,,,,,,,,,,,,,
1926037,,,,,,,,,,,,,,,,
1926040,,,,,,,,,,,,,,,,
1926046,,,,,,,,,,,,,,,,
1926050,,,,,,,,,,,,,,,,
1926052,,,,,,,,,,,,,,,,
1926054,,,,,,,,,,,,,,,,
1926058,,,,,,,,,,,,,,,,
1926074,,,,,,,,,,,,,,,,
1926079,,,,,,,,,,,,,,,,
1926080,,,,,,,,,,,,,,,,
1926085,,,,,,,,,,,,,,,,
1926088,,,,,,,,,,,,,,,,
1926091,,,,,,,,,,,,,,,,
1926096,,,,,,,,,,,,,,,,
1926101,,,,,,,,,,,,,,,,
1926107,,,,,,,,,,,,,,,,
1926108,,,,,,,,,,,,,,,,
1926116,,,,,,,,,,,,,,,,
1926118,,,,,,,,,,,,,,,,
1926120,,,,,,,,,,,,,,,,
1926124,,,,,,,,,,,,,,,,
1926126,,,,,,,,,,,,,,,,
1926127,,,,,,,,,,,,,,,,
1926130,,,,,,,,,,,,,,,,
1926131,,,,,,,,,,,,,,,,
1926132,,,,,,,,,,,,,,,,
1926133,,,,,,,,,,,,,,,,
1926135,,,,,,,,,,,,,,,,
1926136,,,,,,,,,,,,,,,,
1926138,,,,,,,,,,,,,,,,
1926139,,,,,,,,,,,,,,,,
1926142,,,,,,,,,,,,,,,,
1926149,,,,,,,,,,,,,,,,
1926154,,,,,,,,,,,,,,,,
1926155,,,,,,,,,,,,,,,,
1926158,,,,,,,,,,,,,,,,
1926163,,,,,,,,,,,,,,,,
1926164,,,,,,,,,,,,,,,,
1926165,,,,,,,,,,,,,,,,
1926166,,,,,,,,,,,,,,,,
1926167,,,,,,,,,,,,,,,,
1926170,,,,,,,,,,,,,,,,
1926171,,,,,,,,,,,,,,,,
1926176,,,,,,,,,,,,,,,,
1926192,,,,,,,,,,,,,,,,
1926194,,,,,,,,,,,,,,,,
1926197,,,,,,,,,,,,,,,,
1926211,,,,,,,,,,,,,,,,
1926240,,,,,,,,,,,,,,,,
1926255,,,,,,,,,,,,,,,,
1926267,,,,,,,,,,,,,,,,
1926277,,,,,,,,,,,,,,,,
1926286,,,,,,,,,,,,,,,,
1926290,,,,,,,,,,,,,,,,
1926293,,,,,,,,,,,,,,,,
1926295,,,,,,,,,,,,,,,,
1926305,,,,,,,,,,,,,,,,
1926309,,,,,,,,,,,,,,,,
1926310,,,,,,,,,,,,,,,,
1926313,,,,,,,,,,,,,,,,
1926315,,,,,,,,,,,,,,,,
1926316,,,,,,,,,,,,,,,,
1926329,,,,,,,,,,,,,,,,
1926330,,,,,,,,,,,,,,,,
1926341,,,,,,,,,,,,,,,,
1926363,,,,,,,,,,,,,,,,
1926364,,,,,,,,,,,,,,,,
1926367,,,,,,,,,,,,,,,,
1926368,,,,,,,,,,,,,,,,
1926378,,,,,,,,,,,,,,,,
1926379,,,,,,,,,,,,,,,,
1926387,,,,,,,,,,,,,,,,
1926402,,,,,,,,,,,,,,,,
1926406,,,,,,,,,,,,,,,,
1926411,,,,,,,,,,,,,,,,
1926412,,,,,,,,,,,,,,,,
1926427,,,,,,,,,,,,,,,,
1926433,,,,,,,,,,,,,,,,
1926454,,,,,,,,,,,,,,,,
1926457,,,,,,,,,,,,,,,,
1926469,,,,,,,,,,,,,,,,
1926474,,,,,,,,,,,,,,,,
1926477,,,,,,,,,,,,,,,,
1926480,,,,,,,,,,,,,,,,
1926482,,,,,,,,,,,,,,,,
1926484,,,,,,,,,,,,,,,,
1926489,,,,,,,,,,,,,,,,
1926492,,,,,,,,,,,,,,,,
1926495,,,,,,,,,,,,,,,,
1926499,,,,,,,,,,,,,,,,
1926502,,,,,,,,,,,,,,,,
1926503,,,,,,,,,,,,,,,,
1926505,,,,,,,,,,,,,,,,
1926506,,,,,,,,,,,,,,,,
1926509,,,,,,,,,,,,,,,,
1926510,,,,,,,,,,,,,,,,
1926511,,,,,,,,,,,,,,,,
1926517,,,,,,,,,,,,,,,,
1926518,,,,,,,,,,,,,,,,
1926521,,,,,,,,,,,,,,,,
1926522,,,,,,,,,,,,,,,,
1926524,,,,,,,,,,,,,,,,
1926526,,,,,,,,,,,,,,,,
1926530,,,,,,,,,,,,,,,,
1926532,,,,,,,,,,,,,,,,
1926534,,,,,,,,,,,,,,,,
1926538,,,,,,,,,,,,,,,,
1926546,,,,,,,,,,,,,,,,
1926549,,,,,,,,,,,,,,,,
1926565,,,,,,,,,,,,,,,,
1926566,,,,,,,,,,,,,,,,
1926580,,,,,,,,,,,,,,,,
1926581,,,,,,,,,,,,,,,,
1926592,,,,,,,,,,,,,,,,
1926594,,,,,,,,,,,,,,,,
1926601,,,,,,,,,,,,,,,,
1926602,,,,,,,,,,,,,,,,
1926605,,,,,,,,,,,,,,,,
1926608,,,,,,,,,,,,,,,,
1926613,,,,,,,,,,,,,,,,
1926614,,,,,,,,,,,,,,,,
1926618,,,,,,,,,,,,,,,,
1926620,,,,,,,,,,,,,,,,
1926622,,,,,,,,,,,,,,,,
1926624,,,,,,,,,,,,,,,,
1926629,,,,,,,,,,,,,,,,
1926631,,,,,,,,,,,,,,,,
1926632,,,,,,,,,,,,,,,,
1926634,,,,,,,,,,,,,,,,
1926635,,,,,,,,,,,,,,,,
1926636,,,,,,,,,,,,,,,,
1926639,,,,,,,,,,,,,,,,
1926640,,,,,,,,,,,,,,,,
1926641,,,,,,,,,,,,,,,,
1926642,,,,,,,,,,,,,,,,
1926643,,,,,,,,,,,,,,,,
1926645,,,,,,,,,,,,,,,,
1926647,,,,,,,,,,,,,,,,
1926649,,,,,,,,,,,,,,,,
1926651,,,,,,,,,,,,,,,,
1926653,,,,,,,,,,,,,,,,
1926655,,,,,,,,,,,,,,,,
1926656,,,,,,,,,,,,,,,,
1926658,,,,,,,,,,,,,,,,
1926659,,,,,,,,,,,,,,,,
1926660,,,,,,,,,,,,,,,,
1926662,,,,,,,,,,,,,,,,
1926664,,,,,,,,,,,,,,,,
1926668,,,,,,,,,,,,,,,,
1926669,,,,,,,,,,,,,,,,
1926670,,,,,,,,,,,,,,,,
1926671,,,,,,,,,,,,,,,,
1926676,,,,,,,,,,,,,,,,
1926678,,,,,,,,,,,,,,,,
1926680,,,,,,,,,,,,,,,,
1926681,,,,,,,,,,,,,,,,
1926682,,,,,,,,,,,,,,,,
1926683,,,,,,,,,,,,,,,,
1926685,,,,,,,,,,,,,,,,
1926686,,,,,,,,,,,,,,,,
1926687,,,,,,,,,,,,,,,,
1926688,,,,,,,,,,,,,,,,
1926691,,,,,,,,,,,,,,,,
1926692,,,,,,,,,,,,,,,,
1926694,,,,,,,,,,,,,,,,
1926695,,,,,,,,,,,,,,,,
1926697,,,,,,,,,,,,,,,,
1926698,,,,,,,,,,,,,,,,
1926699,,,,,,,,,,,,,,,,
1926700,,,,,,,,,,,,,,,,
1926701,,,,,,,,,,,,,,,,
1926702,,,,,,,,,,,,,,,,
1926703,,,,,,,,,,,,,,,,
1926704,,,,,,,,,,,,,,,,
1926705,,,,,,,,,,,,,,,,
1926706,,,,,,,,,,,,,,,,
1926710,,,,,,,,,,,,,,,,
1926712,,,,,,,,,,,,,,,,
1926713,,,,,,,,,,,,,,,,
1926714,,,,,,,,,,,,,,,,
1926715,,,,,,,,,,,,,,,,
1926717,,,,,,,,,,,,,,,,
1926720,,,,,,,,,,,,,,,,
1926721,,,,,,,,,,,,,,,,
1926727,,,,,,,,,,,,,,,,
1926730,,,,,,,,,,,,,,,,
1926731,,,,,,,,,,,,,,,,
1926732,,,,,,,,,,,,,,,,
1926736,,,,,,,,,,,,,,,,
1926738,,,,,,,,,,,,,,,,
1926740,,,,,,,,,,,,,,,,
1926743,,,,,,,,,,,,,,,,
1926745,,,,,,,,,,,,,,,,
1926746,,,,,,,,,,,,,,,,
1926753,,,,,,,,,,,,,,,,
1926754,,,,,,,,,,,,,,,,
1926756,,,,,,,,,,,,,,,,
1926757,,,,,,,,,,,,,,,,
1926758,,,,,,,,,,,,,,,,
1926759,,,,,,,,,,,,,,,,
1926761,,,,,,,,,,,,,,,,
1926762,,,,,,,,,,,,,,,,
1926764,,,,,,,,,,,,,,,,
1926765,,,,,,,,,,,,,,,,
1926766,,,,,,,,,,,,,,,,
1926767,,,,,,,,,,,,,,,,
1926769,,,,,,,,,,,,,,,,
1926770,,,,,,,,,,,,,,,,
1926771,,,,,,,,,,,,,,,,
1926787,,,,,,,,,,,,,,,,
1926796,,,,,,,,,,,,,,,,
1926797,,,,,,,,,,,,,,,,
1926800,,,,,,,,,,,,,,,,
1926801,,,,,,,,,,,,,,,,
1926802,,,,,,,,,,,,,,,,
1926804,,,,,,,,,,,,,,,,
1926809,,,,,,,,,,,,,,,,
1926810,,,,,,,,,,,,,,,,
1926812,,,,,,,,,,,,,,,,
1926813,,,,,,,,,,,,,,,,
1926814,,,,,,,,,,,,,,,,
1926815,,,,,,,,,,,,,,,,
1926830,,,,,,,,,,,,,,,,
1926841,,,,,,,,,,,,,,,,
1926866,,,,,,,,,,,,,,,,
1926938,,,,,,,,,,,,,,,,
1926949,,,,,,,,,,,,,,,,
1926952,,,,,,,,,,,,,,,,
1926956,,,,,,,,,,,,,,,,
1926966,,,,,,,,,,,,,,,,
1926967,,,,,,,,,,,,,,,,
1926972,,,,,,,,,,,,,,,,
1926973,,,,,,,,,,,,,,,,
1926979,,,,,,,,,,,,,,,,
1926981,,,,,,,,,,,,,,,,
1926986,,,,,,,,,,,,,,,,
1926987,,,,,,,,,,,,,,,,
1926988,,,,,,,,,,,,,,,,
1926994,,,,,,,,,,,,,,,,
1926996,,,,,,,,,,,,,,,,
1926998,,,,,,,,,,,,,,,,
1926999,,,,,,,,,,,,,,,,
1927001,,,,,,,,,,,,,,,,
1927004,,,,,,,,,,,,,,,,
1927006,,,,,,,,,,,,,,,,
1927007,,,,,,,,,,,,,,,,
1927010,,,,,,,,,,,,,,,,
1927012,,,,,,,,,,,,,,,,
1927014,,,,,,,,,,,,,,,,
1927018,,,,,,,,,,,,,,,,
1927023,,,,,,,,,,,,,,,,
1927024,,,,,,,,,,,,,,,,
1927026,,,,,,,,,,,,,,,,
1927029,,,,,,,,,,,,,,,,
1927031,,,,,,,,,,,,,,,,
1927034,,,,,,,,,,,,,,,,
1927035,,,,,,,,,,,,,,,,
1927036,,,,,,,,,,,,,,,,
1927044,,,,,,,,,,,,,,,,
1927045,,,,,,,,,,,,,,,,
1927046,,,,,,,,,,,,,,,,
1927048,,,,,,,,,,,,,,,,
1927049,,,,,,,,,,,,,,,,
1927052,,,,,,,,,,,,,,,,
1927053,,,,,,,,,,,,,,,,
1927054,,,,,,,,,,,,,,,,
1927059,,,,,,,,,,,,,,,,
1927061,,,,,,,,,,,,,,,,
1927065,,,,,,,,,,,,,,,,
1927068,,,,,,,,,,,,,,,,
1927071,,,,,,,,,,,,,,,,
1927073,,,,,,,,,,,,,,,,
1927076,,,,,,,,,,,,,,,,
1927081,,,,,,,,,,,,,,,,
1927084,,,,,,,,,,,,,,,,
1927090,,,,,,,,,,,,,,,,
1927091,,,,,,,,,,,,,,,,
1927096,,,,,,,,,,,,,,,,
1927097,,,,,,,,,,,,,,,,
1927100,,,,,,,,,,,,,,,,
1927101,,,,,,,,,,,,,,,,
1927102,,,,,,,,,,,,,,,,
1927104,,,,,,,,,,,,,,,,
1927105,,,,,,,,,,,,,,,,
1927107,,,,,,,,,,,,,,,,
1927109,,,,,,,,,,,,,,,,
1927111,,,,,,,,,,,,,,,,
1927112,,,,,,,,,,,,,,,,
1927113,,,,,,,,,,,,,,,,
1927114,,,,,,,,,,,,,,,,
1927115,,,,,,,,,,,,,,,,
1927116,,,,,,,,,,,,,,,,
1927117,,,,,,,,,,,,,,,,
1927119,,,,,,,,,,,,,,,,
1927120,,,,,,,,,,,,,,,,
1927123,,,,,,,,,,,,,,,,
1927126,,,,,,,,,,,,,,,,
1927127,,,,,,,,,,,,,,,,
1927131,,,,,,,,,,,,,,,,
1927132,,,,,,,,,,,,,,,,
1927133,,,,,,,,,,,,,,,,
1927147,,,,,,,,,,,,,,,,
1927156,,,,,,,,,,,,,,,,
1927157,,,,,,,,,,,,,,,,
1927158,,,,,,,,,,,,,,,,
1927161,,,,,,,,,,,,,,,,
1927164,,,,,,,,,,,,,,,,
1927169,,,,,,,,,,,,,,,,
1927170,,,,,,,,,,,,,,,,
1927172,,,,,,,,,,,,,,,,
1927173,,,,,,,,,,,,,,,,
1927179,,,,,,,,,,,,,,,,
1927181,,,,,,,,,,,,,,,,
1927186,,,,,,,,,,,,,,,,
1927187,,,,,,,,,,,,,,,,
1927189,,,,,,,,,,,,,,,,
1927192,,,,,,,,,,,,,,,,
1927197,,,,,,,,,,,,,,,,
1927199,,,,,,,,,,,,,,,,
1927201,,,,,,,,,,,,,,,,
1927203,,,,,,,,,,,,,,,,
1927204,,,,,,,,,,,,,,,,
1927205,,,,,,,,,,,,,,,,
1927210,,,,,,,,,,,,,,,,
1927214,,,,,,,,,,,,,,,,
1927215,,,,,,,,,,,,,,,,
1927221,,,,,,,,,,,,,,,,
1927234,,,,,,,,,,,,,,,,
1927236,,,,,,,,,,,,,,,,
1927237,,,,,,,,,,,,,,,,
1927243,,,,,,,,,,,,,,,,
1927245,,,,,,,,,,,,,,,,
1927248,,,,,,,,,,,,,,,,
1927256,,,,,,,,,,,,,,,,
1927257,,,,,,,,,,,,,,,,
1927259,,,,,,,,,,,,,,,,
1927264,,,,,,,,,,,,,,,,
1927265,,,,,,,,,,,,,,,,
1927266,,,,,,,,,,,,,,,,
1927267,,,,,,,,,,,,,,,,
1927268,,,,,,,,,,,,,,,,
1927270,,,,,,,,,,,,,,,,
1927272,,,,,,,,,,,,,,,,
1927273,,,,,,,,,,,,,,,,
1927283,,,,,,,,,,,,,,,,
1927284,,,,,,,,,,,,,,,,
1927289,,,,,,,,,,,,,,,,
1927290,,,,,,,,,,,,,,,,
1927293,,,,,,,,,,,,,,,,
1927296,,,,,,,,,,,,,,,,
1927298,,,,,,,,,,,,,,,,
1927299,,,,,,,,,,,,,,,,
1927304,,,,,,,,,,,,,,,,
1927307,,,,,,,,,,,,,,,,
1927311,,,,,,,,,,,,,,,,
1927329,,,,,,,,,,,,,,,,
1927331,,,,,,,,,,,,,,,,
1927336,,,,,,,,,,,,,,,,
1927344,,,,,,,,,,,,,,,,
1927346,,,,,,,,,,,,,,,,
1927353,,,,,,,,,,,,,,,,
1927357,,,,,,,,,,,,,,,,
1927363,,,,,,,,,,,,,,,,
1927364,,,,,,,,,,,,,,,,
1927368,,,,,,,,,,,,,,,,
1927373,,,,,,,,,,,,,,,,
1927376,,,,,,,,,,,,,,,,
1927379,,,,,,,,,,,,,,,,
1927381,,,,,,,,,,,,,,,,
1927384,,,,,,,,,,,,,,,,
1927386,,,,,,,,,,,,,,,,
1927388,,,,,,,,,,,,,,,,
1927393,,,,,,,,,,,,,,,,
1927395,,,,,,,,,,,,,,,,
1927399,,,,,,,,,,,,,,,,
1927401,,,,,,,,,,,,,,,,
1927402,,,,,,,,,,,,,,,,
1927404,,,,,,,,,,,,,,,,
1927409,,,,,,,,,,,,,,,,
1927413,,,,,,,,,,,,,,,,
1927419,,,,,,,,,,,,,,,,
1927421,,,,,,,,,,,,,,,,
1927423,,,,,,,,,,,,,,,,
1927427,,,,,,,,,,,,,,,,
1927431,,,,,,,,,,,,,,,,
1927435,,,,,,,,,,,,,,,,
1927440,,,,,,,,,,,,,,,,
1927441,,,,,,,,,,,,,,,,
1927452,,,,,,,,,,,,,,,,
1927458,,,,,,,,,,,,,,,,
1927459,,,,,,,,,,,,,,,,
1927476,,,,,,,,,,,,,,,,
1927480,,,,,,,,,,,,,,,,
1927481,,,,,,,,,,,,,,,,
1927486,,,,,,,,,,,,,,,,
1927487,,,,,,,,,,,,,,,,
1927488,,,,,,,,,,,,,,,,
1927497,,,,,,,,,,,,,,,,
1927503,,,,,,,,,,,,,,,,
1927504,,,,,,,,,,,,,,,,
1927506,,,,,,,,,,,,,,,,
1927509,,,,,,,,,,,,,,,,
1927512,,,,,,,,,,,,,,,,
1927516,,,,,,,,,,,,,,,,
1927517,,,,,,,,,,,,,,,,
1927526,,,,,,,,,,,,,,,,
1927533,,,,,,,,,,,,,,,,
1927541,,,,,,,,,,,,,,,,
1927545,,,,,,,,,,,,,,,,
1927553,,,,,,,,,,,,,,,,
1927554,,,,,,,,,,,,,,,,
1927581,,,,,,,,,,,,,,,,
1927586,,,,,,,,,,,,,,,,
1927591,,,,,,,,,,,,,,,,
1927593,,,,,,,,,,,,,,,,
1927655,,,,,,,,,,,,,,,,
1927667,,,,,,,,,,,,,,,,
1927676,,,,,,,,,,,,,,,,
1927685,,,,,,,,,,,,,,,,
1927706,,,,,,,,,,,,,,,,
1927716,,,,,,,,,,,,,,,,
1927723,,,,,,,,,,,,,,,,
1927725,,,,,,,,,,,,,,,,
1927730,,,,,,,,,,,,,,,,
1927743,,,,,,,,,,,,,,,,
1927753,,,,,,,,,,,,,,,,
1927763,,,,,,,,,,,,,,,,
1927767,,,,,,,,,,,,,,,,
1927769,,,,,,,,,,,,,,,,
1927773,,,,,,,,,,,,,,,,
1927780,,,,,,,,,,,,,,,,
1927783,,,,,,,,,,,,,,,,
1927787,,,,,,,,,,,,,,,,
1927788,,,,,,,,,,,,,,,,
1927790,,,,,,,,,,,,,,,,
1927798,,,,,,,,,,,,,,,,
1927799,,,,,,,,,,,,,,,,
1927807,,,,,,,,,,,,,,,,
1927813,,,,,,,,,,,,,,,,
1927816,,,,,,,,,,,,,,,,
1927819,,,,,,,,,,,,,,,,
1927825,,,,,,,,,,,,,,,,
1927833,,,,,,,,,,,,,,,,
1927834,,,,,,,,,,,,,,,,
1927835,,,,,,,,,,,,,,,,
1927836,,,,,,,,,,,,,,,,
1927849,,,,,,,,,,,,,,,,
1927851,,,,,,,,,,,,,,,,
1927852,,,,,,,,,,,,,,,,
1927863,,,,,,,,,,,,,,,,
1927867,,,,,,,,,,,,,,,,
1927868,,,,,,,,,,,,,,,,
1927874,,,,,,,,,,,,,,,,
1927877,,,,,,,,,,,,,,,,
1927880,,,,,,,,,,,,,,,,
1927883,,,,,,,,,,,,,,,,
1927885,,,,,,,,,,,,,,,,
1927892,,,,,,,,,,,,,,,,
1927902,,,,,,,,,,,,,,,,
1927908,,,,,,,,,,,,,,,,
1927909,,,,,,,,,,,,,,,,
1927913,,,,,,,,,,,,,,,,
1927916,,,,,,,,,,,,,,,,
1927921,,,,,,,,,,,,,,,,
1927923,,,,,,,,,,,,,,,,
1927925,,,,,,,,,,,,,,,,
1927927,,,,,,,,,,,,,,,,
1927932,,,,,,,,,,,,,,,,
1927934,,,,,,,,,,,,,,,,
1927936,,,,,,,,,,,,,,,,
1927942,,,,,,,,,,,,,,,,
1927944,,,,,,,,,,,,,,,,
1927946,,,,,,,,,,,,,,,,
1927949,,,,,,,,,,,,,,,,
1927952,,,,,,,,,,,,,,,,
1927957,,,,,,,,,,,,,,,,
1927967,,,,,,,,,,,,,,,,
1927975,,,,,,,,,,,,,,,,
1927982,,,,,,,,,,,,,,,,
1927985,,,,,,,,,,,,,,,,
1927987,,,,,,,,,,,,,,,,
1927989,,,,,,,,,,,,,,,,
1927991,,,,,,,,,,,,,,,,
1927997,,,,,,,,,,,,,,,,
1928009,,,,,,,,,,,,,,,,
1928012,,,,,,,,,,,,,,,,
1928018,,,,,,,,,,,,,,,,
1928020,,,,,,,,,,,,,,,,
1928023,,,,,,,,,,,,,,,,
1928029,,,,,,,,,,,,,,,,
1928032,,,,,,,,,,,,,,,,
1928037,,,,,,,,,,,,,,,,
1928040,,,,,,,,,,,,,,,,
1928041,,,,,,,,,,,,,,,,
1928047,,,,,,,,,,,,,,,,
1928049,,,,,,,,,,,,,,,,
1928051,,,,,,,,,,,,,,,,
1928052,,,,,,,,,,,,,,,,
1928053,,,,,,,,,,,,,,,,
1928055,,,,,,,,,,,,,,,,
1928057,,,,,,,,,,,,,,,,
1928059,,,,,,,,,,,,,,,,
1928062,,,,,,,,,,,,,,,,
1928063,,,,,,,,,,,,,,,,
1928065,,,,,,,,,,,,,,,,
1928067,,,,,,,,,,,,,,,,
1928068,,,,,,,,,,,,,,,,
1928070,,,,,,,,,,,,,,,,
1928074,,,,,,,,,,,,,,,,
1928076,,,,,,,,,,,,,,,,
1928080,,,,,,,,,,,,,,,,
1928082,,,,,,,,,,,,,,,,
1928086,,,,,,,,,,,,,,,,
1928087,,,,,,,,,,,,,,,,
1928090,,,,,,,,,,,,,,,,
1928091,,,,,,,,,,,,,,,,
1928093,,,,,,,,,,,,,,,,
1928094,,,,,,,,,,,,,,,,
1928095,,,,,,,,,,,,,,,,
1928100,,,,,,,,,,,,,,,,
1928101,,,,,,,,,,,,,,,,
1928102,,,,,,,,,,,,,,,,
1928106,,,,,,,,,,,,,,,,
1928107,,,,,,,,,,,,,,,,
1928108,,,,,,,,,,,,,,,,
1928110,,,,,,,,,,,,,,,,
1928111,,,,,,,,,,,,,,,,
1928114,,,,,,,,,,,,,,,,
1928116,,,,,,,,,,,,,,,,
1928117,,,,,,,,,,,,,,,,
1928122,,,,,,,,,,,,,,,,
1928128,,,,,,,,,,,,,,,,
1928132,,,,,,,,,,,,,,,,
1928133,,,,,,,,,,,,,,,,
1928134,,,,,,,,,,,,,,,,
1928136,,,,,,,,,,,,,,,,
1928139,,,,,,,,,,,,,,,,
1928141,,,,,,,,,,,,,,,,
1928143,,,,,,,,,,,,,,,,
1928144,,,,,,,,,,,,,,,,
1928146,,,,,,,,,,,,,,,,
1928147,,,,,,,,,,,,,,,,
1928151,,,,,,,,,,,,,,,,
1928153,,,,,,,,,,,,,,,,
1928155,,,,,,,,,,,,,,,,
1928156,,,,,,,,,,,,,,,,
1928157,,,,,,,,,,,,,,,,
1928158,,,,,,,,,,,,,,,,
1928160,,,,,,,,,,,,,,,,
1928161,,,,,,,,,,,,,,,,
1928163,,,,,,,,,,,,,,,,
1928164,,,,,,,,,,,,,,,,
1928166,,,,,,,,,,,,,,,,
1928167,,,,,,,,,,,,,,,,
1928170,,,,,,,,,,,,,,,,
1928171,,,,,,,,,,,,,,,,
1928172,,,,,,,,,,,,,,,,
1928174,,,,,,,,,,,,,,,,
1928181,,,,,,,,,,,,,,,,
1928184,,,,,,,,,,,,,,,,
1928186,,,,,,,,,,,,,,,,
1928192,,,,,,,,,,,,,,,,
1928193,,,,,,,,,,,,,,,,
1928195,,,,,,,,,,,,,,,,
1928196,,,,,,,,,,,,,,,,
1928197,,,,,,,,,,,,,,,,
1928200,,,,,,,,,,,,,,,,
1928201,,,,,,,,,,,,,,,,
1928205,,,,,,,,,,,,,,,,
1928206,,,,,,,,,,,,,,,,
1928208,,,,,,,,,,,,,,,,
1928209,,,,,,,,,,,,,,,,
1928210,,,,,,,,,,,,,,,,
1928213,,,,,,,,,,,,,,,,
1928214,,,,,,,,,,,,,,,,
1928215,,,,,,,,,,,,,,,,
1928216,,,,,,,,,,,,,,,,
1928217,,,,,,,,,,,,,,,,
1928218,,,,,,,,,,,,,,,,
1928219,,,,,,,,,,,,,,,,
1928220,,,,,,,,,,,,,,,,
1928221,,,,,,,,,,,,,,,,
1928225,,,,,,,,,,,,,,,,
1928226,,,,,,,,,,,,,,,,
1928228,,,,,,,,,,,,,,,,
1928230,,,,,,,,,,,,,,,,
1928231,,,,,,,,,,,,,,,,
1928232,,,,,,,,,,,,,,,,
1928235,,,,,,,,,,,,,,,,
1928237,,,,,,,,,,,,,,,,
1928239,,,,,,,,,,,,,,,,
1928241,,,,,,,,,,,,,,,,
1928242,,,,,,,,,,,,,,,,
1928249,,,,,,,,,,,,,,,,
1928252,,,,,,,,,,,,,,,,
1928254,,,,,,,,,,,,,,,,
1928255,,,,,,,,,,,,,,,,
1928257,,,,,,,,,,,,,,,,
1928258,,,,,,,,,,,,,,,,
1928259,,,,,,,,,,,,,,,,
1928261,,,,,,,,,,,,,,,,
1928263,,,,,,,,,,,,,,,,
1928264,,,,,,,,,,,,,,,,
1928265,,,,,,,,,,,,,,,,
1928267,,,,,,,,,,,,,,,,
1928269,,,,,,,,,,,,,,,,
1928272,,,,,,,,,,,,,,,,
1928276,,,,,,,,,,,,,,,,
1928278,,,,,,,,,,,,,,,,
1928280,,,,,,,,,,,,,,,,
1928281,,,,,,,,,,,,,,,,
1928284,,,,,,,,,,,,,,,,
1928292,,,,,,,,,,,,,,,,
1928298,,,,,,,,,,,,,,,,
1928299,,,,,,,,,,,,,,,,
1928300,,,,,,,,,,,,,,,,
1928306,,,,,,,,,,,,,,,,
1928307,,,,,,,,,,,,,,,,
1928309,,,,,,,,,,,,,,,,
1928312,,,,,,,,,,,,,,,,
1928313,,,,,,,,,,,,,,,,
1928314,,,,,,,,,,,,,,,,
1928315,,,,,,,,,,,,,,,,
1928320,,,,,,,,,,,,,,,,
1928322,,,,,,,,,,,,,,,,
1928324,,,,,,,,,,,,,,,,
1928325,,,,,,,,,,,,,,,,
1928330,,,,,,,,,,,,,,,,
1928336,,,,,,,,,,,,,,,,
1928344,,,,,,,,,,,,,,,,
1928351,,,,,,,,,,,,,,,,
1928357,,,,,,,,,,,,,,,,
1928361,,,,,,,,,,,,,,,,
1928363,,,,,,,,,,,,,,,,
1928371,,,,,,,,,,,,,,,,
1928390,,,,,,,,,,,,,,,,
1928409,,,,,,,,,,,,,,,,
1928464,,,,,,,,,,,,,,,,
1928512,,,,,,,,,,,,,,,,
1928564,,,,,,,,,,,,,,,,
1928589,,,,,,,,,,,,,,,,
1928612,,,,,,,,,,,,,,,,
1928617,,,,,,,,,,,,,,,,
1928625,,,,,,,,,,,,,,,,
1928629,,,,,,,,,,,,,,,,
1928643,,,,,,,,,,,,,,,,
1928644,,,,,,,,,,,,,,,,
1928646,,,,,,,,,,,,,,,,
1928647,,,,,,,,,,,,,,,,
1928648,,,,,,,,,,,,,,,,
1928655,,,,,,,,,,,,,,,,
1928656,,,,,,,,,,,,,,,,
1928657,,,,,,,,,,,,,,,,
1928662,,,,,,,,,,,,,,,,
1928667,,,,,,,,,,,,,,,,
1928668,,,,,,,,,,,,,,,,
1928672,,,,,,,,,,,,,,,,
1928673,,,,,,,,,,,,,,,,
1928675,,,,,,,,,,,,,,,,
1928677,,,,,,,,,,,,,,,,
1928678,,,,,,,,,,,,,,,,
1928680,,,,,,,,,,,,,,,,
1928681,,,,,,,,,,,,,,,,
1928682,,,,,,,,,,,,,,,,
1928683,,,,,,,,,,,,,,,,
1928684,,,,,,,,,,,,,,,,
1928685,,,,,,,,,,,,,,,,
1928686,,,,,,,,,,,,,,,,
1928687,,,,,,,,,,,,,,,,
1928688,,,,,,,,,,,,,,,,
1928689,,,,,,,,,,,,,,,,
1928691,,,,,,,,,,,,,,,,
1928692,,,,,,,,,,,,,,,,
1928694,,,,,,,,,,,,,,,,
1928700,,,,,,,,,,,,,,,,
1928703,,,,,,,,,,,,,,,,
1928706,,,,,,,,,,,,,,,,
1928709,,,,,,,,,,,,,,,,
1928713,,,,,,,,,,,,,,,,
1928716,,,,,,,,,,,,,,,,
1928717,,,,,,,,,,,,,,,,
1928724,,,,,,,,,,,,,,,,
1928727,,,,,,,,,,,,,,,,
1928730,,,,,,,,,,,,,,,,
1928731,,,,,,,,,,,,,,,,
1928732,,,,,,,,,,,,,,,,
1928735,,,,,,,,,,,,,,,,
1928737,,,,,,,,,,,,,,,,
1928740,,,,,,,,,,,,,,,,
1928741,,,,,,,,,,,,,,,,
1928742,,,,,,,,,,,,,,,,
1928744,,,,,,,,,,,,,,,,
1928745,,,,,,,,,,,,,,,,
1928746,,,,,,,,,,,,,,,,
1928747,,,,,,,,,,,,,,,,
1928755,,,,,,,,,,,,,,,,
1928759,,,,,,,,,,,,,,,,
1928761,,,,,,,,,,,,,,,,
1928765,,,,,,,,,,,,,,,,
1928766,,,,,,,,,,,,,,,,
1928767,,,,,,,,,,,,,,,,
1928769,,,,,,,,,,,,,,,,
1928770,,,,,,,,,,,,,,,,
1928771,,,,,,,,,,,,,,,,
1928774,,,,,,,,,,,,,,,,
1928775,,,,,,,,,,,,,,,,
1928776,,,,,,,,,,,,,,,,
1928778,,,,,,,,,,,,,,,,
1928780,,,,,,,,,,,,,,,,
1928782,,,,,,,,,,,,,,,,
1928783,,,,,,,,,,,,,,,,
1928793,,,,,,,,,,,,,,,,
1928796,,,,,,,,,,,,,,,,
1928804,,,,,,,,,,,,,,,,
1928806,,,,,,,,,,,,,,,,
1928813,,,,,,,,,,,,,,,,
1928816,,,,,,,,,,,,,,,,
1928817,,,,,,,,,,,,,,,,
1928818,,,,,,,,,,,,,,,,
1928819,,,,,,,,,,,,,,,,
1928820,,,,,,,,,,,,,,,,
1928824,,,,,,,,,,,,,,,,
1928826,,,,,,,,,,,,,,,,
1928842,,,,,,,,,,,,,,,,
1928849,,,,,,,,,,,,,,,,
1928850,,,,,,,,,,,,,,,,
1928851,,,,,,,,,,,,,,,,
1928852,,,,,,,,,,,,,,,,
1928855,,,,,,,,,,,,,,,,
1928859,,,,,,,,,,,,,,,,
1928860,,,,,,,,,,,,,,,,
1928862,,,,,,,,,,,,,,,,
1928864,,,,,,,,,,,,,,,,
1928869,,,,,,,,,,,,,,,,
1928870,,,,,,,,,,,,,,,,
1928872,,,,,,,,,,,,,,,,
1928873,,,,,,,,,,,,,,,,
1928877,,,,,,,,,,,,,,,,
1928878,,,,,,,,,,,,,,,,
1928880,,,,,,,,,,,,,,,,
1928883,,,,,,,,,,,,,,,,
1928885,,,,,,,,,,,,,,,,
1928891,,,,,,,,,,,,,,,,
1928892,,,,,,,,,,,,,,,,
1928894,,,,,,,,,,,,,,,,
1928898,,,,,,,,,,,,,,,,
1928899,,,,,,,,,,,,,,,,
1928900,,,,,,,,,,,,,,,,
1928905,,,,,,,,,,,,,,,,
1928908,,,,,,,,,,,,,,,,
1928910,,,,,,,,,,,,,,,,
1928912,,,,,,,,,,,,,,,,
1928913,,,,,,,,,,,,,,,,
1928918,,,,,,,,,,,,,,,,
1928919,,,,,,,,,,,,,,,,
1928926,,,,,,,,,,,,,,,,
1928931,,,,,,,,,,,,,,,,
1928933,,,,,,,,,,,,,,,,
1928938,,,,,,,,,,,,,,,,
1928941,,,,,,,,,,,,,,,,
1928942,,,,,,,,,,,,,,,,
1928945,,,,,,,,,,,,,,,,
1928950,,,,,,,,,,,,,,,,
1928951,,,,,,,,,,,,,,,,
1928953,,,,,,,,,,,,,,,,
1928956,,,,,,,,,,,,,,,,
1928957,,,,,,,,,,,,,,,,
1928959,,,,,,,,,,,,,,,,
1928961,,,,,,,,,,,,,,,,
1928962,,,,,,,,,,,,,,,,
1928963,,,,,,,,,,,,,,,,
1928966,,,,,,,,,,,,,,,,
1928969,,,,,,,,,,,,,,,,
1928974,,,,,,,,,,,,,,,,
1928976,,,,,,,,,,,,,,,,
1928977,,,,,,,,,,,,,,,,
1928979,,,,,,,,,,,,,,,,
1928980,,,,,,,,,,,,,,,,
1928981,,,,,,,,,,,,,,,,
1928982,,,,,,,,,,,,,,,,
1928984,,,,,,,,,,,,,,,,
1928985,,,,,,,,,,,,,,,,
1928992,,,,,,,,,,,,,,,,
1928994,,,,,,,,,,,,,,,,
1928995,,,,,,,,,,,,,,,,
1929000,,,,,,,,,,,,,,,,
1929003,,,,,,,,,,,,,,,,
1929006,,,,,,,,,,,,,,,,
1929012,,,,,,,,,,,,,,,,
1929014,,,,,,,,,,,,,,,,
1929017,,,,,,,,,,,,,,,,
1929022,,,,,,,,,,,,,,,,
1929026,,,,,,,,,,,,,,,,
1929030,,,,,,,,,,,,,,,,
1929033,,,,,,,,,,,,,,,,
1929034,,,,,,,,,,,,,,,,
1929035,,,,,,,,,,,,,,,,
1929041,,,,,,,,,,,,,,,,
1929044,,,,,,,,,,,,,,,,
1929046,,,,,,,,,,,,,,,,
1929050,,,,,,,,,,,,,,,,
1929053,,,,,,,,,,,,,,,,
1929054,,,,,,,,,,,,,,,,
1929056,,,,,,,,,,,,,,,,
1929059,,,,,,,,,,,,,,,,
1929060,,,,,,,,,,,,,,,,
1929062,,,,,,,,,,,,,,,,
1929063,,,,,,,,,,,,,,,,
1929065,,,,,,,,,,,,,,,,
1929067,,,,,,,,,,,,,,,,
1929069,,,,,,,,,,,,,,,,
1929071,,,,,,,,,,,,,,,,
1929073,,,,,,,,,,,,,,,,
1929074,,,,,,,,,,,,,,,,
1929075,,,,,,,,,,,,,,,,
1929076,,,,,,,,,,,,,,,,
1929077,,,,,,,,,,,,,,,,
1929078,,,,,,,,,,,,,,,,
1929082,,,,,,,,,,,,,,,,
1929083,,,,,,,,,,,,,,,,
1929084,,,,,,,,,,,,,,,,
1929086,,,,,,,,,,,,,,,,
1929088,,,,,,,,,,,,,,,,
1929090,,,,,,,,,,,,,,,,
1929091,,,,,,,,,,,,,,,,
1929092,,,,,,,,,,,,,,,,
1929093,,,,,,,,,,,,,,,,
1929094,,,,,,,,,,,,,,,,
1929095,,,,,,,,,,,,,,,,
1929097,,,,,,,,,,,,,,,,
1929099,,,,,,,,,,,,,,,,
1929102,,,,,,,,,,,,,,,,
1929103,,,,,,,,,,,,,,,,
1929108,,,,,,,,,,,,,,,,
1929109,,,,,,,,,,,,,,,,
1929110,,,,,,,,,,,,,,,,
1929113,,,,,,,,,,,,,,,,
1929114,,,,,,,,,,,,,,,,
1929115,,,,,,,,,,,,,,,,
1929117,,,,,,,,,,,,,,,,
1929118,,,,,,,,,,,,,,,,
1929131,,,,,,,,,,,,,,,,
1929134,,,,,,,,,,,,,,,,
1929136,,,,,,,,,,,,,,,,
1929137,,,,,,,,,,,,,,,,
1929138,,,,,,,,,,,,,,,,
1929140,,,,,,,,,,,,,,,,
1929144,,,,,,,,,,,,,,,,
1929147,,,,,,,,,,,,,,,,
1929149,,,,,,,,,,,,,,,,
1929150,,,,,,,,,,,,,,,,
1929152,,,,,,,,,,,,,,,,
1929153,,,,,,,,,,,,,,,,
1929154,,,,,,,,,,,,,,,,
1929155,,,,,,,,,,,,,,,,
1929162,,,,,,,,,,,,,,,,
1929165,,,,,,,,,,,,,,,,
1929171,,,,,,,,,,,,,,,,
1929173,,,,,,,,,,,,,,,,
1929186,,,,,,,,,,,,,,,,
1929190,,,,,,,,,,,,,,,,
1929197,,,,,,,,,,,,,,,,
1929205,,,,,,,,,,,,,,,,
1929207,,,,,,,,,,,,,,,,
1929213,,,,,,,,,,,,,,,,
1929217,,,,,,,,,,,,,,,,